stage,change_type,spectral_index_retained,wavelength_nm,mean_reflectance,smoothed_reflectance,first_derivative,second_derivative,score,score_abs,score_norm,common_id,common_representative_wavelength_nm
Fresh,slope_curvature_change,133,533.0,0.1047000139951706,0.1041440694615553,0.0013660279087837138,-0.00013180378048825714,0.00013108786418906428,0.00013108786418906428,0.1695191583247077,0,533.0
Fresh,local_maximum,148,548.0,0.11308997869491577,0.1133440874825073,2.1630442863365684e-05,-8.115969430281048e-05,0.05618382901720076,0.05618382901720076,0.06580893602770153,0,533.0
Stage1,local_maximum,156,556.0,0.08934000134468079,0.08934981861964283,-1.8050517619078166e-06,-3.974221342403772e-05,0.026750111959768952,0.026750111959768952,0.03133279517412992,0,533.0
Stage2,local_maximum,160,560.0,0.10020001232624054,0.1000702665166193,-6.904552264708208e-06,-4.6164719000822e-05,0.031725883249571665,0.031725883249571665,0.03716098845014981,0,533.0
Stage3,local_maximum,162,562.0,0.10738001763820648,0.10724448334451299,-2.24738796278795e-05,-4.26275790301224e-05,0.035051762372094356,0.035051762372094356,0.04105663903571164,0,533.0
Dry,local_maximum,165,565.0,0.14084000885486603,0.14070480769758248,-3.4132308407430756e-07,-3.3109192404470744e-05,0.04174294768076135,0.04174294768076135,0.04889412169985602,0,533.0
Dry,slope_curvature_change,238,638.0,0.12573999166488647,0.12538336962008972,-0.0005813010755708753,-8.184854395138288e-05,8.105369154219264e-05,8.105369154219264e-05,0.10481636613993454,1,699.0
Fresh,local_minimum,258,658.0,0.054139990359544754,0.05399747968920793,6.759817635631354e-06,1.684606777098245e-05,0.059346607793299366,0.059346607793299366,0.18998102623750504,1,699.0
Stage1,local_minimum,268,668.0,0.060050010681152344,0.060070728531862544,-2.011828503493962e-05,3.7057817792948006e-05,0.02927909008778029,0.02927909008778029,0.09372855145403781,1,699.0
Stage2,local_minimum,270,670.0,0.06737001240253448,0.06728853800275689,-3.8095272904964395e-06,5.8892924842991745e-05,0.03278172851386241,0.03278172851386241,0.10494123685374371,1,699.0
Dry,local_minimum,270,670.0,0.0991000086069107,0.09896186001682113,-3.564029416681935e-05,0.00010668191674933006,0.04174294768076135,0.04174294768076135,0.13362799212029966,1,699.0
Stage3,local_minimum,271,671.0,0.07232002168893814,0.07219272097241863,3.342928220027852e-05,7.274152841187098e-05,0.035051762372094356,0.035051762372094356,0.11220809469139556,1,699.0
Dry,slope_curvature_change,290,690.0,0.1346299648284912,0.13573006834973336,0.004992483358723432,0.0004321365112517628,0.000432009733094485,0.000432009733094485,0.5586628998443023,1,699.0
Stage3,slope_curvature_change,292,692.0,0.10586001724004745,0.10702115941793475,0.004790104079163776,0.0004321462283111803,0.00043184146422931696,0.00043184146422931696,0.558445299255781,1,699.0
Stage2,slope_curvature_change,293,693.0,0.10186998546123505,0.10312639452898648,0.00478779069347738,0.0004135808926378874,0.00041344792399672023,0.00041344792399672023,0.5346592876510426,1,699.0
Stage1,slope_curvature_change,295,695.0,0.09771998226642609,0.09969997340307189,0.005673612958515685,0.0005243109016088501,0.0005243007680959602,0.0005243007680959602,0.6780110841415286,1,699.0
Fresh,slope_curvature_change,299,699.0,0.10609002411365509,0.10857710475078133,0.007861430188385449,0.0007733911961853301,0.0007732923256849253,0.0007732923256849253,1.0,1,699.0
Fresh,local_maximum,519,919.0,0.8914401531219482,0.8913718143805267,4.0143327437180965e-06,-1.6563349636067315e-05,0.029278432139130284,0.029278432139130284,0.034294253370405536,2,919.0
Fresh,local_minimum,572,972.0,0.8622100353240967,0.8620933822413964,-3.4077444288072023e-06,4.537940169990762e-05,0.029278432139130284,0.029278432139130284,0.09372644522144276,3,985.0
Dry,slope_curvature_change,585,985.0,0.850879967212677,0.8508625885439189,0.0009215739182242277,0.0002302933446268196,0.00023015850486449163,0.00023015850486449163,0.29763453899614767,3,985.0
Fresh,local_maximum,679,1079.0,0.9077003598213196,0.9077391203920876,-2.6913525325023002e-06,-7.199733584428714e-06,0.8537416407028797,0.8537416407028797,1.0,4,1079.0
Stage1,local_maximum,694,1094.0,0.9059800505638123,0.9059768793302684,8.278951954543423e-07,-7.548501221837922e-06,0.8320974312185199,0.8320974312185199,0.9746478226521312,4,1079.0
Stage2,local_maximum,711,1111.0,0.8948900699615479,0.8949475985154566,2.6282791373843928e-06,-1.0355011145518622e-05,0.783070124948776,0.783070124948776,0.9172214257981838,4,1079.0
Stage3,local_maximum,717,1117.0,0.9045300483703613,0.9045954182109324,-5.875990911285989e-06,-1.7956755124920454e-05,0.7336587445157419,0.7336587445157419,0.8593451572910578,4,1079.0
Dry,local_maximum,724,1124.0,0.8957198262214661,0.895750690415426,1.1845767672880037e-06,-1.5970271667248293e-05,0.026703701431317173,0.026703701431317173,0.03127843384719081,4,1079.0
Stage1,slope_curvature_change,732,1132.0,0.8935001492500305,0.8931501396312738,-0.001568436417689112,-0.00014378481831511802,0.0001435954414178986,0.0001435954414178986,0.1856936072535213,4,1079.0
Fresh,slope_curvature_change,732,1132.0,0.8838599920272827,0.8832340122221235,-0.002296074813508464,-0.00019581258953946246,0.00019512725365825045,0.00019512725365825045,0.25233310505884193,4,1079.0
Stage2,slope_curvature_change,732,1132.0,0.888029932975769,0.8877817651405214,-0.0010374232332533984,-9.65994799602965e-05,9.646335335486422e-05,9.646335335486422e-05,0.12474370965653138,4,1079.0
Stage2,local_minimum,796,1196.0,0.829740047454834,0.829719462527528,5.546727837701937e-06,4.5537412172613756e-05,0.03957571523690162,0.03957571523690162,0.12669022332290303,5,1196.0
Fresh,local_minimum,796,1196.0,0.7853000164031982,0.7853609165222617,1.750599688238319e-05,5.576266613419034e-05,0.04300612658457992,0.04300612658457992,0.13767169458944253,5,1196.0
Stage1,local_minimum,796,1196.0,0.8183799982070923,0.8183736489110314,2.1061182793602473e-05,4.997905518949741e-05,0.04139374120735084,0.04139374120735084,0.13251010844245953,5,1196.0
Stage3,local_minimum,797,1197.0,0.8560001254081726,0.8559382794683952,7.774223149570325e-06,4.17838068048626e-05,0.0386343537368804,0.0386343537368804,0.12367672633487972,5,1196.0
Dry,local_minimum,799,1199.0,0.8690498471260071,0.8690469889841088,-6.236608354692752e-06,3.3384045294682085e-05,0.026703701431317173,0.026703701431317173,0.08548418841277676,5,1196.0
Fresh,local_maximum,870,1270.0,0.8283500075340271,0.8283670431068416,-1.4634712338701394e-05,-3.51089680926675e-05,0.04300612658457992,0.04300612658457992,0.05037370152072384,6,1270.0
Stage1,local_maximum,871,1271.0,0.8597703576087952,0.8597673901183822,7.795867429105652e-06,-2.6483243559749514e-05,0.04139374120735084,0.04139374120735084,0.048485091078926006,6,1270.0
Stage2,local_maximum,876,1276.0,0.8692499399185181,0.8692951777644297,1.5725494214025026e-06,-1.5237822862057548e-05,0.03957571523690162,0.03957571523690162,0.04635561081959081,6,1270.0
Stage3,local_maximum,883,1283.0,0.8945198059082031,0.8945726332052756,1.4682759504891507e-06,-9.121850776422358e-06,0.0386343537368804,0.0386343537368804,0.04525298040408688,6,1270.0
Dry,local_maximum,914,1314.0,0.9118298888206482,0.9118355356027666,-5.038578501370683e-06,-1.4498017653741258e-05,0.6341489396316836,0.6341489396316836,0.7427878756266276,7,1314.0
Fresh,slope_curvature_change,977,1377.0,0.5615798830986023,0.5602850384225732,-0.007836453997096426,-0.00047437186588447644,0.0004743410163069173,0.0004743410163069173,0.6134045309279139,8,1377.0
Stage1,slope_curvature_change,979,1379.0,0.6318899393081665,0.6305759948785359,-0.007524423071426256,-0.000441967108961161,0.00044183152481888643,0.00044183152481888643,0.57136416610309,8,1377.0
Stage2,slope_curvature_change,980,1380.0,0.6929300427436829,0.6917903281244011,-0.006189932830654832,-0.00037857289049794685,0.0003780144510610456,0.0003780144510610456,0.48883771182680275,8,1377.0
Stage3,slope_curvature_change,984,1384.0,0.756320059299469,0.7556554137882632,-0.005160653831647877,-0.0002716961373742388,0.0002716122092848161,0.0002716122092848161,0.3512413097391624,8,1377.0
Dry,slope_curvature_change,1031,1431.0,0.7144200801849365,0.7148096433470602,-0.0027627314152062765,0.00019868937254985397,0.00019853578917905512,0.00019853578917905512,0.2567409278285631,9,1445.0
Stage1,local_minimum,1044,1444.0,0.27066004276275635,0.27060307511268317,1.730118238812972e-05,4.1725485989560496e-05,0.302686948746218,0.302686948746218,0.9689648539271398,9,1445.0
Stage2,local_minimum,1044,1444.0,0.35927000641822815,0.3591880997604511,-3.001017618242674e-06,4.8858831879661224e-05,0.26513735511350467,0.26513735511350467,0.848760673799601,9,1445.0
Fresh,local_minimum,1045,1445.0,0.18630000948905945,0.1862863740736878,-8.60960282959844e-06,3.369391870122057e-05,0.3123817623719283,0.3123817623719283,1.0,9,1445.0
Stage3,local_minimum,1046,1446.0,0.4834900200366974,0.4833532038882665,-1.35143240295732e-06,4.641138207793494e-05,0.20448922650771617,0.20448922650771617,0.6546132045450432,9,1445.0
Dry,local_minimum,1053,1453.0,0.6918798685073853,0.6917309022513682,-1.0216735783330488e-05,3.934341128433716e-05,0.08177865048199062,0.08177865048199062,0.2617907327913185,9,1445.0
Dry,local_maximum,1241,1641.0,0.7736200094223022,0.7735095527333589,-1.5834619717103315e-06,-4.177105590735808e-05,0.08177865048199062,0.08177865048199062,0.09578852264329384,10,1657.0
Stage3,local_maximum,1247,1647.0,0.6878501176834106,0.6878424303959827,7.258904258677923e-06,-5.20572360140914e-05,0.20448922650771617,0.20448922650771617,0.23952120496238366,10,1657.0
Stage2,local_maximum,1251,1651.0,0.6243399977684021,0.6243254548739557,-2.341432161068191e-05,-5.0665943117977896e-05,0.26513735511350467,0.26513735511350467,0.3105592400239713,10,1657.0
Stage1,local_maximum,1254,1654.0,0.5733500123023987,0.5732900238589012,-1.1924069213964383e-05,-4.833677213078591e-05,0.302686948746218,0.302686948746218,0.35454162514202525,10,1657.0
Fresh,local_maximum,1257,1657.0,0.498820036649704,0.4986681364456161,2.190569544341381e-05,-4.7928601012145466e-05,0.3123817623719283,0.3123817623719283,0.36589730133667425,10,1657.0
Stage3,slope_curvature_change,1323,1723.0,0.5964300632476807,0.5967539062344522,-0.0004575715193747554,0.00011924416088993084,0.00011805436592854379,0.00011805436592854379,0.1526646030322103,11,1724.0
Dry,slope_curvature_change,1324,1724.0,0.6577599048614502,0.6585588490218971,-2.4032392062112162e-05,0.00016262588630922004,0.00016148128154144792,0.00016148128154144792,0.2088230752819378,11,1724.0
Dry,local_minimum,1324,1724.0,0.6577599048614502,0.6585588490218971,-2.4032392062112162e-05,0.00016262588630922004,0.0769223031555003,0.0769223031555003,0.24624453928240214,11,1724.0
Stage2,slope_curvature_change,1324,1724.0,0.5459499359130859,0.5464100024313977,-0.0005354724002445965,9.249806380007275e-05,9.168209978005493e-05,9.168209978005493e-05,0.11856072630599261,11,1724.0
Stage3,local_minimum,1359,1759.0,0.5936199426651001,0.5937831979367166,-1.9551131153705548e-05,5.51867089048641e-05,0.026107264211196468,0.026107264211196468,0.08357486689671918,12,1759.0
Dry,slope_curvature_change,1416,1816.0,0.7094499468803406,0.7094401682407806,0.0007670730162538941,-0.00024280047130986748,0.00024224678219259,0.00024224678219259,0.31326676102472073,13,1928.0
Stage3,local_maximum,1440,1840.0,0.6199200749397278,0.6198904621479131,-1.5008541773220418e-05,-5.884747773288179e-05,0.026107264211196468,0.026107264211196468,0.030579818257081302,13,1928.0
Dry,local_maximum,1461,1861.0,0.7357701063156128,0.7354811521773974,-2.6985901963594294e-05,-8.271919522540028e-05,0.0769223031555003,0.0769223031555003,0.09010021239232362,13,1928.0
Dry,slope_curvature_change,1486,1886.0,0.7033898830413818,0.7028294076137195,-0.003774791509922437,-0.0003364156520647976,0.0003361488679371888,0.0003361488679371888,0.43469831106813706,13,1928.0
Fresh,slope_curvature_change,1493,1893.0,0.08886997401714325,0.08985109501801933,-0.004832877179206177,0.0003749341648857374,0.0003747698693747359,0.0003747698693747359,0.4846419095686646,13,1928.0
Stage1,slope_curvature_change,1496,1896.0,0.12681999802589417,0.1277891161467012,-0.005738015146958798,0.0004252570366061366,0.00042498170416354134,0.00042498170416354134,0.5495744494646625,13,1928.0
Stage2,slope_curvature_change,1498,1898.0,0.18436996638774872,0.18522337428333485,-0.006796624905142587,0.0004437651422294006,0.00044365540607922,0.00044365540607922,0.5737227583194529,13,1928.0
Stage3,slope_curvature_change,1503,1903.0,0.27163001894950867,0.27242653108947684,-0.006626723744995816,0.0004502414526158238,0.00045019579680806443,0.00045019579680806443,0.5821806086195337,13,1928.0
Stage1,local_minimum,1528,1928.0,0.07392001897096634,0.07387944811174853,8.069032279359178e-06,3.977268045212562e-05,0.20060254482063666,0.20060254482063666,0.6421711155524984,13,1928.0
Stage3,local_minimum,1528,1928.0,0.20890003442764282,0.20888920553575577,-4.402658300220463e-05,0.00011445366811288493,0.1865917495416484,0.1865917495416484,0.5973196006221655,13,1928.0
Stage2,local_minimum,1528,1928.0,0.11699002236127853,0.11696559875006687,-4.310903371745889e-06,6.991225669690515e-05,0.21246479297957696,0.21246479297957696,0.6801446773535131,13,1928.0
Fresh,local_minimum,1528,1928.0,0.04684000462293625,0.04680186997473959,-6.831674601599086e-06,1.8587081664578342e-05,0.165406410451545,0.165406410451545,0.5295008556056761,13,1928.0
Dry,local_minimum,1531,1931.0,0.528499960899353,0.5283427854762572,1.2260275815745292e-05,0.00010999925385615783,0.062036394012118024,0.062036394012118024,0.19859160003795673,13,1928.0
Dry,local_maximum,1599,1999.0,0.5903398990631104,0.5903791794883753,-2.0154515922299332e-05,-6.555319465270659e-05,0.062036394012118024,0.062036394012118024,0.07266413052202055,14,1999.0
Dry,slope_curvature_change,1657,2057.0,0.4806399941444397,0.4809409852896386,-0.001560283820469216,0.00011859462154878431,0.00011723597363255678,0.00011723597363255678,0.1516062810124461,15,2057.0
Dry,local_minimum,1708,2108.0,0.4599801003932953,0.45995816686043517,5.180229189827301e-06,2.1108066677696935e-05,0.03155065935064666,0.03155065935064666,0.1010003244462197,16,2108.0
Fresh,local_maximum,1815,2215.0,0.21222999691963196,0.2122082804262846,-6.177158161146945e-06,-2.4274578876472275e-05,0.1626674759981675,0.1626674759981675,0.19053478036311366,17,2216.0
Stage1,local_maximum,1815,2215.0,0.27448004484176636,0.2744819929323852,5.01961941448692e-06,-3.4725423293871516e-05,0.1956044005941544,0.1956044005941544,0.2291142791548912,17,2216.0
Stage3,local_maximum,1816,2216.0,0.39553987979888916,0.39548095507740416,1.2393956816542095e-05,-5.329033535618477e-05,0.1865917495416484,0.1865917495416484,0.2185576299031504,17,2216.0
Stage2,local_maximum,1816,2216.0,0.32943999767303467,0.32943039172964383,2.5877511131144892e-06,-4.266440982896025e-05,0.21246479297957696,0.21246479297957696,0.24886310196215347,17,2216.0
Dry,local_maximum,1816,2216.0,0.49157002568244934,0.49150882621108183,-2.4448045404995566e-05,-6.868551622830898e-05,0.03155065935064666,0.03155065935064666,0.03695574614900032,17,2216.0
Stage2,slope_curvature_change,1829,2229.0,0.3247399628162384,0.32461275601966905,-0.0008441684177110109,-9.265254072814144e-05,9.252503401274703e-05,9.252503401274703e-05,0.11965078527165672,17,2216.0
Stage3,slope_curvature_change,1832,2232.0,0.38609009981155396,0.38575850600888234,-0.0014293489278730531,-0.00011882331346228792,0.00011814707966054105,0.00011814707966054105,0.15278449783643602,17,2216.0
Dry,slope_curvature_change,1834,2234.0,0.4743199944496155,0.4739252166103432,-0.0022323560378393614,-0.00015947366387047968,0.00015527437304399538,0.00015527437304399538,0.2007964748731533,17,2216.0
Stage3,slope_curvature_change,1903,2303.0,0.2763800024986267,0.27687570768221864,-0.0005915565586678273,0.00012139747286002422,0.0001211446782541925,0.0001211446782541925,0.15666090846937022,18,2304.0
Stage2,slope_curvature_change,1904,2304.0,0.23035003244876862,0.23075237729024445,-0.0006039627020695548,9.154746570171762e-05,9.090278743311558e-05,9.090278743311558e-05,0.11755294138293769,18,2304.0
Dry,slope_curvature_change,1904,2304.0,0.3312601149082184,0.3321079203122572,-0.0003388159866821727,0.00019477070845566602,0.00019392547553541417,0.00019392547553541417,0.25077899921436475,18,2304.0
Dry,local_minimum,1906,2306.0,0.3307500183582306,0.3318192054394924,4.4903224538483943e-05,0.00018623282980152756,0.030526293346909483,0.030526293346909483,0.09772111251028874,18,2304.0
Dry,local_maximum,1999,2399.0,0.36243000626564026,0.3623454987864019,-1.2605515935765199e-05,-3.6302791596276585e-05,0.030526293346909483,0.030526293346909483,0.03575589135113217,19,2399.0
Stage3,slope_curvature_change,2081,2481.0,0.17559002339839935,0.17535026794750347,-0.00047513028134565927,7.970834357912127e-05,7.566144831083754e-05,7.566144831083754e-05,0.09784326806013782,20,2481.0
