row_index,column,csv_value,resolved_path,exists
0,blue,Vineyard/Multispectral Images\leaf000d0_1.tif,/home/usr3/Data/EstradaDataset/Vineyard/Multispectral Images/leaf000d0_1.tif,True
0,green,Vineyard/Multispectral Images\leaf000d0_2.tif,/home/usr3/Data/EstradaDataset/Vineyard/Multispectral Images/leaf000d0_2.tif,True
0,red,Vineyard/Multispectral Images\leaf000d0_3.tif,/home/usr3/Data/EstradaDataset/Vineyard/Multispectral Images/leaf000d0_3.tif,True
0,nir,Vineyard/Multispectral Images\leaf000d0_4.tif,/home/usr3/Data/EstradaDataset/Vineyard/Multispectral Images/leaf000d0_4.tif,True
0,red_edge,Vineyard/Multispectral Images\leaf000d0_5.tif,/home/usr3/Data/EstradaDataset/Vineyard/Multispectral Images/leaf000d0_5.tif,True
4,blue,Vineyard/Multispectral Images\leaf004d0_1.tif,/home/usr3/Data/EstradaDataset/Vineyard/Multispectral Images/leaf004d0_1.tif,True
4,green,Vineyard/Multispectral Images\leaf004d0_2.tif,/home/usr3/Data/EstradaDataset/Vineyard/Multispectral Images/leaf004d0_2.tif,True
4,red,Vineyard/Multispectral Images\leaf004d0_3.tif,/home/usr3/Data/EstradaDataset/Vineyard/Multispectral Images/leaf004d0_3.tif,True
4,nir,Vineyard/Multispectral Images\leaf004d0_4.tif,/home/usr3/Data/EstradaDataset/Vineyard/Multispectral Images/leaf004d0_4.tif,True
4,red_edge,Vineyard/Multispectral Images\leaf004d0_5.tif,/home/usr3/Data/EstradaDataset/Vineyard/Multispectral Images/leaf004d0_5.tif,True
6,blue,Vineyard/Multispectral Images\leaf008d0_1.tif,/home/usr3/Data/EstradaDataset/Vineyard/Multispectral Images/leaf008d0_1.tif,True
6,green,Vineyard/Multispectral Images\leaf008d0_2.tif,/home/usr3/Data/EstradaDataset/Vineyard/Multispectral Images/leaf008d0_2.tif,True
6,red,Vineyard/Multispectral Images\leaf008d0_3.tif,/home/usr3/Data/EstradaDataset/Vineyard/Multispectral Images/leaf008d0_3.tif,True
6,nir,Vineyard/Multispectral Images\leaf008d0_4.tif,/home/usr3/Data/EstradaDataset/Vineyard/Multispectral Images/leaf008d0_4.tif,True
6,red_edge,Vineyard/Multispectral Images\leaf008d0_5.tif,/home/usr3/Data/EstradaDataset/Vineyard/Multispectral Images/leaf008d0_5.tif,True
7,blue,Vineyard/Multispectral Images\leaf009d0_1.tif,/home/usr3/Data/EstradaDataset/Vineyard/Multispectral Images/leaf009d0_1.tif,True
7,green,Vineyard/Multispectral Images\leaf009d0_2.tif,/home/usr3/Data/EstradaDataset/Vineyard/Multispectral Images/leaf009d0_2.tif,True
7,red,Vineyard/Multispectral Images\leaf009d0_3.tif,/home/usr3/Data/EstradaDataset/Vineyard/Multispectral Images/leaf009d0_3.tif,True
7,nir,Vineyard/Multispectral Images\leaf009d0_4.tif,/home/usr3/Data/EstradaDataset/Vineyard/Multispectral Images/leaf009d0_4.tif,True
7,red_edge,Vineyard/Multispectral Images\leaf009d0_5.tif,/home/usr3/Data/EstradaDataset/Vineyard/Multispectral Images/leaf009d0_5.tif,True
8,blue,Vineyard/Multispectral Images\leaf011d0_1.tif,/home/usr3/Data/EstradaDataset/Vineyard/Multispectral Images/leaf011d0_1.tif,True
8,green,Vineyard/Multispectral Images\leaf011d0_2.tif,/home/usr3/Data/EstradaDataset/Vineyard/Multispectral Images/leaf011d0_2.tif,True
8,red,Vineyard/Multispectral Images\leaf011d0_3.tif,/home/usr3/Data/EstradaDataset/Vineyard/Multispectral Images/leaf011d0_3.tif,True
8,nir,Vineyard/Multispectral Images\leaf011d0_4.tif,/home/usr3/Data/EstradaDataset/Vineyard/Multispectral Images/leaf011d0_4.tif,True
8,red_edge,Vineyard/Multispectral Images\leaf011d0_5.tif,/home/usr3/Data/EstradaDataset/Vineyard/Multispectral Images/leaf011d0_5.tif,True
9,blue,Vineyard/Multispectral Images\leaf012d0_1.tif,/home/usr3/Data/EstradaDataset/Vineyard/Multispectral Images/leaf012d0_1.tif,True
9,green,Vineyard/Multispectral Images\leaf012d0_2.tif,/home/usr3/Data/EstradaDataset/Vineyard/Multispectral Images/leaf012d0_2.tif,True
9,red,Vineyard/Multispectral Images\leaf012d0_3.tif,/home/usr3/Data/EstradaDataset/Vineyard/Multispectral Images/leaf012d0_3.tif,True
9,nir,Vineyard/Multispectral Images\leaf012d0_4.tif,/home/usr3/Data/EstradaDataset/Vineyard/Multispectral Images/leaf012d0_4.tif,True
9,red_edge,Vineyard/Multispectral Images\leaf012d0_5.tif,/home/usr3/Data/EstradaDataset/Vineyard/Multispectral Images/leaf012d0_5.tif,True
13,blue,Vineyard/Multispectral Images\leaf017d0_1.tif,/home/usr3/Data/EstradaDataset/Vineyard/Multispectral Images/leaf017d0_1.tif,True
13,green,Vineyard/Multispectral Images\leaf017d0_2.tif,/home/usr3/Data/EstradaDataset/Vineyard/Multispectral Images/leaf017d0_2.tif,True
13,red,Vineyard/Multispectral Images\leaf017d0_3.tif,/home/usr3/Data/EstradaDataset/Vineyard/Multispectral Images/leaf017d0_3.tif,True
13,nir,Vineyard/Multispectral Images\leaf017d0_4.tif,/home/usr3/Data/EstradaDataset/Vineyard/Multispectral Images/leaf017d0_4.tif,True
13,red_edge,Vineyard/Multispectral Images\leaf017d0_5.tif,/home/usr3/Data/EstradaDataset/Vineyard/Multispectral Images/leaf017d0_5.tif,True
14,blue,Vineyard/Multispectral Images\leaf019d0_1.tif,/home/usr3/Data/EstradaDataset/Vineyard/Multispectral Images/leaf019d0_1.tif,True
14,green,Vineyard/Multispectral Images\leaf019d0_2.tif,/home/usr3/Data/EstradaDataset/Vineyard/Multispectral Images/leaf019d0_2.tif,True
14,red,Vineyard/Multispectral Images\leaf019d0_3.tif,/home/usr3/Data/EstradaDataset/Vineyard/Multispectral Images/leaf019d0_3.tif,True
14,nir,Vineyard/Multispectral Images\leaf019d0_4.tif,/home/usr3/Data/EstradaDataset/Vineyard/Multispectral Images/leaf019d0_4.tif,True
14,red_edge,Vineyard/Multispectral Images\leaf019d0_5.tif,/home/usr3/Data/EstradaDataset/Vineyard/Multispectral Images/leaf019d0_5.tif,True
15,blue,Vineyard/Multispectral Images\leaf020d0_1.tif,/home/usr3/Data/EstradaDataset/Vineyard/Multispectral Images/leaf020d0_1.tif,True
15,green,Vineyard/Multispectral Images\leaf020d0_2.tif,/home/usr3/Data/EstradaDataset/Vineyard/Multispectral Images/leaf020d0_2.tif,True
15,red,Vineyard/Multispectral Images\leaf020d0_3.tif,/home/usr3/Data/EstradaDataset/Vineyard/Multispectral Images/leaf020d0_3.tif,True
15,nir,Vineyard/Multispectral Images\leaf020d0_4.tif,/home/usr3/Data/EstradaDataset/Vineyard/Multispectral Images/leaf020d0_4.tif,True
15,red_edge,Vineyard/Multispectral Images\leaf020d0_5.tif,/home/usr3/Data/EstradaDataset/Vineyard/Multispectral Images/leaf020d0_5.tif,True
18,blue,Vineyard/Multispectral Images\leaf024d0_1.tif,/home/usr3/Data/EstradaDataset/Vineyard/Multispectral Images/leaf024d0_1.tif,True
18,green,Vineyard/Multispectral Images\leaf024d0_2.tif,/home/usr3/Data/EstradaDataset/Vineyard/Multispectral Images/leaf024d0_2.tif,True
18,red,Vineyard/Multispectral Images\leaf024d0_3.tif,/home/usr3/Data/EstradaDataset/Vineyard/Multispectral Images/leaf024d0_3.tif,True
18,nir,Vineyard/Multispectral Images\leaf024d0_4.tif,/home/usr3/Data/EstradaDataset/Vineyard/Multispectral Images/leaf024d0_4.tif,True
18,red_edge,Vineyard/Multispectral Images\leaf024d0_5.tif,/home/usr3/Data/EstradaDataset/Vineyard/Multispectral Images/leaf024d0_5.tif,True
20,blue,Vineyard/Multispectral Images\leaf027d0_1.tif,/home/usr3/Data/EstradaDataset/Vineyard/Multispectral Images/leaf027d0_1.tif,True
20,green,Vineyard/Multispectral Images\leaf027d0_2.tif,/home/usr3/Data/EstradaDataset/Vineyard/Multispectral Images/leaf027d0_2.tif,True
20,red,Vineyard/Multispectral Images\leaf027d0_3.tif,/home/usr3/Data/EstradaDataset/Vineyard/Multispectral Images/leaf027d0_3.tif,True
20,nir,Vineyard/Multispectral Images\leaf027d0_4.tif,/home/usr3/Data/EstradaDataset/Vineyard/Multispectral Images/leaf027d0_4.tif,True
20,red_edge,Vineyard/Multispectral Images\leaf027d0_5.tif,/home/usr3/Data/EstradaDataset/Vineyard/Multispectral Images/leaf027d0_5.tif,True
22,blue,Vineyard/Multispectral Images\leaf029d0_1.tif,/home/usr3/Data/EstradaDataset/Vineyard/Multispectral Images/leaf029d0_1.tif,True
22,green,Vineyard/Multispectral Images\leaf029d0_2.tif,/home/usr3/Data/EstradaDataset/Vineyard/Multispectral Images/leaf029d0_2.tif,True
22,red,Vineyard/Multispectral Images\leaf029d0_3.tif,/home/usr3/Data/EstradaDataset/Vineyard/Multispectral Images/leaf029d0_3.tif,True
22,nir,Vineyard/Multispectral Images\leaf029d0_4.tif,/home/usr3/Data/EstradaDataset/Vineyard/Multispectral Images/leaf029d0_4.tif,True
22,red_edge,Vineyard/Multispectral Images\leaf029d0_5.tif,/home/usr3/Data/EstradaDataset/Vineyard/Multispectral Images/leaf029d0_5.tif,True
23,blue,Vineyard/Multispectral Images\leaf030d0_1.tif,/home/usr3/Data/EstradaDataset/Vineyard/Multispectral Images/leaf030d0_1.tif,True
23,green,Vineyard/Multispectral Images\leaf030d0_2.tif,/home/usr3/Data/EstradaDataset/Vineyard/Multispectral Images/leaf030d0_2.tif,True
23,red,Vineyard/Multispectral Images\leaf030d0_3.tif,/home/usr3/Data/EstradaDataset/Vineyard/Multispectral Images/leaf030d0_3.tif,True
23,nir,Vineyard/Multispectral Images\leaf030d0_4.tif,/home/usr3/Data/EstradaDataset/Vineyard/Multispectral Images/leaf030d0_4.tif,True
23,red_edge,Vineyard/Multispectral Images\leaf030d0_5.tif,/home/usr3/Data/EstradaDataset/Vineyard/Multispectral Images/leaf030d0_5.tif,True
24,blue,Vineyard/Multispectral Images\leaf031d0_1.tif,/home/usr3/Data/EstradaDataset/Vineyard/Multispectral Images/leaf031d0_1.tif,True
24,green,Vineyard/Multispectral Images\leaf031d0_2.tif,/home/usr3/Data/EstradaDataset/Vineyard/Multispectral Images/leaf031d0_2.tif,True
24,red,Vineyard/Multispectral Images\leaf031d0_3.tif,/home/usr3/Data/EstradaDataset/Vineyard/Multispectral Images/leaf031d0_3.tif,True
24,nir,Vineyard/Multispectral Images\leaf031d0_4.tif,/home/usr3/Data/EstradaDataset/Vineyard/Multispectral Images/leaf031d0_4.tif,True
24,red_edge,Vineyard/Multispectral Images\leaf031d0_5.tif,/home/usr3/Data/EstradaDataset/Vineyard/Multispectral Images/leaf031d0_5.tif,True
27,blue,Vineyard/Multispectral Images\leaf037d0_1.tif,/home/usr3/Data/EstradaDataset/Vineyard/Multispectral Images/leaf037d0_1.tif,True
27,green,Vineyard/Multispectral Images\leaf037d0_2.tif,/home/usr3/Data/EstradaDataset/Vineyard/Multispectral Images/leaf037d0_2.tif,True
27,red,Vineyard/Multispectral Images\leaf037d0_3.tif,/home/usr3/Data/EstradaDataset/Vineyard/Multispectral Images/leaf037d0_3.tif,True
27,nir,Vineyard/Multispectral Images\leaf037d0_4.tif,/home/usr3/Data/EstradaDataset/Vineyard/Multispectral Images/leaf037d0_4.tif,True
27,red_edge,Vineyard/Multispectral Images\leaf037d0_5.tif,/home/usr3/Data/EstradaDataset/Vineyard/Multispectral Images/leaf037d0_5.tif,True
28,blue,Vineyard/Multispectral Images\leaf039d0_1.tif,/home/usr3/Data/EstradaDataset/Vineyard/Multispectral Images/leaf039d0_1.tif,True
28,green,Vineyard/Multispectral Images\leaf039d0_2.tif,/home/usr3/Data/EstradaDataset/Vineyard/Multispectral Images/leaf039d0_2.tif,True
28,red,Vineyard/Multispectral Images\leaf039d0_3.tif,/home/usr3/Data/EstradaDataset/Vineyard/Multispectral Images/leaf039d0_3.tif,True
28,nir,Vineyard/Multispectral Images\leaf039d0_4.tif,/home/usr3/Data/EstradaDataset/Vineyard/Multispectral Images/leaf039d0_4.tif,True
28,red_edge,Vineyard/Multispectral Images\leaf039d0_5.tif,/home/usr3/Data/EstradaDataset/Vineyard/Multispectral Images/leaf039d0_5.tif,True
31,blue,Vineyard/Multispectral Images\leaf044d0_1.tif,/home/usr3/Data/EstradaDataset/Vineyard/Multispectral Images/leaf044d0_1.tif,True
31,green,Vineyard/Multispectral Images\leaf044d0_2.tif,/home/usr3/Data/EstradaDataset/Vineyard/Multispectral Images/leaf044d0_2.tif,True
31,red,Vineyard/Multispectral Images\leaf044d0_3.tif,/home/usr3/Data/EstradaDataset/Vineyard/Multispectral Images/leaf044d0_3.tif,True
31,nir,Vineyard/Multispectral Images\leaf044d0_4.tif,/home/usr3/Data/EstradaDataset/Vineyard/Multispectral Images/leaf044d0_4.tif,True
31,red_edge,Vineyard/Multispectral Images\leaf044d0_5.tif,/home/usr3/Data/EstradaDataset/Vineyard/Multispectral Images/leaf044d0_5.tif,True
32,blue,Vineyard/Multispectral Images\leaf045d0_1.tif,/home/usr3/Data/EstradaDataset/Vineyard/Multispectral Images/leaf045d0_1.tif,True
32,green,Vineyard/Multispectral Images\leaf045d0_2.tif,/home/usr3/Data/EstradaDataset/Vineyard/Multispectral Images/leaf045d0_2.tif,True
32,red,Vineyard/Multispectral Images\leaf045d0_3.tif,/home/usr3/Data/EstradaDataset/Vineyard/Multispectral Images/leaf045d0_3.tif,True
32,nir,Vineyard/Multispectral Images\leaf045d0_4.tif,/home/usr3/Data/EstradaDataset/Vineyard/Multispectral Images/leaf045d0_4.tif,True
32,red_edge,Vineyard/Multispectral Images\leaf045d0_5.tif,/home/usr3/Data/EstradaDataset/Vineyard/Multispectral Images/leaf045d0_5.tif,True
33,blue,Vineyard/Multispectral Images\leaf047d0_1.tif,/home/usr3/Data/EstradaDataset/Vineyard/Multispectral Images/leaf047d0_1.tif,True
33,green,Vineyard/Multispectral Images\leaf047d0_2.tif,/home/usr3/Data/EstradaDataset/Vineyard/Multispectral Images/leaf047d0_2.tif,True
33,red,Vineyard/Multispectral Images\leaf047d0_3.tif,/home/usr3/Data/EstradaDataset/Vineyard/Multispectral Images/leaf047d0_3.tif,True
33,nir,Vineyard/Multispectral Images\leaf047d0_4.tif,/home/usr3/Data/EstradaDataset/Vineyard/Multispectral Images/leaf047d0_4.tif,True
33,red_edge,Vineyard/Multispectral Images\leaf047d0_5.tif,/home/usr3/Data/EstradaDataset/Vineyard/Multispectral Images/leaf047d0_5.tif,True
34,blue,Vineyard/Multispectral Images\leaf048d0_1.tif,/home/usr3/Data/EstradaDataset/Vineyard/Multispectral Images/leaf048d0_1.tif,True
34,green,Vineyard/Multispectral Images\leaf048d0_2.tif,/home/usr3/Data/EstradaDataset/Vineyard/Multispectral Images/leaf048d0_2.tif,True
34,red,Vineyard/Multispectral Images\leaf048d0_3.tif,/home/usr3/Data/EstradaDataset/Vineyard/Multispectral Images/leaf048d0_3.tif,True
34,nir,Vineyard/Multispectral Images\leaf048d0_4.tif,/home/usr3/Data/EstradaDataset/Vineyard/Multispectral Images/leaf048d0_4.tif,True
34,red_edge,Vineyard/Multispectral Images\leaf048d0_5.tif,/home/usr3/Data/EstradaDataset/Vineyard/Multispectral Images/leaf048d0_5.tif,True
38,blue,Vineyard/Multispectral Images\leaf053d0_1.tif,/home/usr3/Data/EstradaDataset/Vineyard/Multispectral Images/leaf053d0_1.tif,True
38,green,Vineyard/Multispectral Images\leaf053d0_2.tif,/home/usr3/Data/EstradaDataset/Vineyard/Multispectral Images/leaf053d0_2.tif,True
38,red,Vineyard/Multispectral Images\leaf053d0_3.tif,/home/usr3/Data/EstradaDataset/Vineyard/Multispectral Images/leaf053d0_3.tif,True
38,nir,Vineyard/Multispectral Images\leaf053d0_4.tif,/home/usr3/Data/EstradaDataset/Vineyard/Multispectral Images/leaf053d0_4.tif,True
38,red_edge,Vineyard/Multispectral Images\leaf053d0_5.tif,/home/usr3/Data/EstradaDataset/Vineyard/Multispectral Images/leaf053d0_5.tif,True
42,blue,Vineyard/Multispectral Images\leaf057d0_1.tif,/home/usr3/Data/EstradaDataset/Vineyard/Multispectral Images/leaf057d0_1.tif,True
42,green,Vineyard/Multispectral Images\leaf057d0_2.tif,/home/usr3/Data/EstradaDataset/Vineyard/Multispectral Images/leaf057d0_2.tif,True
42,red,Vineyard/Multispectral Images\leaf057d0_3.tif,/home/usr3/Data/EstradaDataset/Vineyard/Multispectral Images/leaf057d0_3.tif,True
42,nir,Vineyard/Multispectral Images\leaf057d0_4.tif,/home/usr3/Data/EstradaDataset/Vineyard/Multispectral Images/leaf057d0_4.tif,True
42,red_edge,Vineyard/Multispectral Images\leaf057d0_5.tif,/home/usr3/Data/EstradaDataset/Vineyard/Multispectral Images/leaf057d0_5.tif,True
43,blue,Vineyard/Multispectral Images\leaf058d0_1.tif,/home/usr3/Data/EstradaDataset/Vineyard/Multispectral Images/leaf058d0_1.tif,True
43,green,Vineyard/Multispectral Images\leaf058d0_2.tif,/home/usr3/Data/EstradaDataset/Vineyard/Multispectral Images/leaf058d0_2.tif,True
43,red,Vineyard/Multispectral Images\leaf058d0_3.tif,/home/usr3/Data/EstradaDataset/Vineyard/Multispectral Images/leaf058d0_3.tif,True
43,nir,Vineyard/Multispectral Images\leaf058d0_4.tif,/home/usr3/Data/EstradaDataset/Vineyard/Multispectral Images/leaf058d0_4.tif,True
43,red_edge,Vineyard/Multispectral Images\leaf058d0_5.tif,/home/usr3/Data/EstradaDataset/Vineyard/Multispectral Images/leaf058d0_5.tif,True
44,blue,Vineyard/Multispectral Images\leaf059d0_1.tif,/home/usr3/Data/EstradaDataset/Vineyard/Multispectral Images/leaf059d0_1.tif,True
44,green,Vineyard/Multispectral Images\leaf059d0_2.tif,/home/usr3/Data/EstradaDataset/Vineyard/Multispectral Images/leaf059d0_2.tif,True
44,red,Vineyard/Multispectral Images\leaf059d0_3.tif,/home/usr3/Data/EstradaDataset/Vineyard/Multispectral Images/leaf059d0_3.tif,True
44,nir,Vineyard/Multispectral Images\leaf059d0_4.tif,/home/usr3/Data/EstradaDataset/Vineyard/Multispectral Images/leaf059d0_4.tif,True
44,red_edge,Vineyard/Multispectral Images\leaf059d0_5.tif,/home/usr3/Data/EstradaDataset/Vineyard/Multispectral Images/leaf059d0_5.tif,True
49,blue,Vineyard/Multispectral Images\leaf065d0_1.tif,/home/usr3/Data/EstradaDataset/Vineyard/Multispectral Images/leaf065d0_1.tif,True
49,green,Vineyard/Multispectral Images\leaf065d0_2.tif,/home/usr3/Data/EstradaDataset/Vineyard/Multispectral Images/leaf065d0_2.tif,True
49,red,Vineyard/Multispectral Images\leaf065d0_3.tif,/home/usr3/Data/EstradaDataset/Vineyard/Multispectral Images/leaf065d0_3.tif,True
49,nir,Vineyard/Multispectral Images\leaf065d0_4.tif,/home/usr3/Data/EstradaDataset/Vineyard/Multispectral Images/leaf065d0_4.tif,True
49,red_edge,Vineyard/Multispectral Images\leaf065d0_5.tif,/home/usr3/Data/EstradaDataset/Vineyard/Multispectral Images/leaf065d0_5.tif,True
50,blue,Vineyard/Multispectral Images\leaf067d0_1.tif,/home/usr3/Data/EstradaDataset/Vineyard/Multispectral Images/leaf067d0_1.tif,True
50,green,Vineyard/Multispectral Images\leaf067d0_2.tif,/home/usr3/Data/EstradaDataset/Vineyard/Multispectral Images/leaf067d0_2.tif,True
50,red,Vineyard/Multispectral Images\leaf067d0_3.tif,/home/usr3/Data/EstradaDataset/Vineyard/Multispectral Images/leaf067d0_3.tif,True
50,nir,Vineyard/Multispectral Images\leaf067d0_4.tif,/home/usr3/Data/EstradaDataset/Vineyard/Multispectral Images/leaf067d0_4.tif,True
50,red_edge,Vineyard/Multispectral Images\leaf067d0_5.tif,/home/usr3/Data/EstradaDataset/Vineyard/Multispectral Images/leaf067d0_5.tif,True
51,blue,Vineyard/Multispectral Images\leaf069d0_1.tif,/home/usr3/Data/EstradaDataset/Vineyard/Multispectral Images/leaf069d0_1.tif,True
51,green,Vineyard/Multispectral Images\leaf069d0_2.tif,/home/usr3/Data/EstradaDataset/Vineyard/Multispectral Images/leaf069d0_2.tif,True
51,red,Vineyard/Multispectral Images\leaf069d0_3.tif,/home/usr3/Data/EstradaDataset/Vineyard/Multispectral Images/leaf069d0_3.tif,True
51,nir,Vineyard/Multispectral Images\leaf069d0_4.tif,/home/usr3/Data/EstradaDataset/Vineyard/Multispectral Images/leaf069d0_4.tif,True
51,red_edge,Vineyard/Multispectral Images\leaf069d0_5.tif,/home/usr3/Data/EstradaDataset/Vineyard/Multispectral Images/leaf069d0_5.tif,True
52,blue,Vineyard/Multispectral Images\leaf070d0_1.tif,/home/usr3/Data/EstradaDataset/Vineyard/Multispectral Images/leaf070d0_1.tif,True
52,green,Vineyard/Multispectral Images\leaf070d0_2.tif,/home/usr3/Data/EstradaDataset/Vineyard/Multispectral Images/leaf070d0_2.tif,True
52,red,Vineyard/Multispectral Images\leaf070d0_3.tif,/home/usr3/Data/EstradaDataset/Vineyard/Multispectral Images/leaf070d0_3.tif,True
52,nir,Vineyard/Multispectral Images\leaf070d0_4.tif,/home/usr3/Data/EstradaDataset/Vineyard/Multispectral Images/leaf070d0_4.tif,True
52,red_edge,Vineyard/Multispectral Images\leaf070d0_5.tif,/home/usr3/Data/EstradaDataset/Vineyard/Multispectral Images/leaf070d0_5.tif,True
53,blue,Vineyard/Multispectral Images\leaf072d0_1.tif,/home/usr3/Data/EstradaDataset/Vineyard/Multispectral Images/leaf072d0_1.tif,True
53,green,Vineyard/Multispectral Images\leaf072d0_2.tif,/home/usr3/Data/EstradaDataset/Vineyard/Multispectral Images/leaf072d0_2.tif,True
53,red,Vineyard/Multispectral Images\leaf072d0_3.tif,/home/usr3/Data/EstradaDataset/Vineyard/Multispectral Images/leaf072d0_3.tif,True
53,nir,Vineyard/Multispectral Images\leaf072d0_4.tif,/home/usr3/Data/EstradaDataset/Vineyard/Multispectral Images/leaf072d0_4.tif,True
53,red_edge,Vineyard/Multispectral Images\leaf072d0_5.tif,/home/usr3/Data/EstradaDataset/Vineyard/Multispectral Images/leaf072d0_5.tif,True
54,blue,Vineyard/Multispectral Images\leaf073d0_1.tif,/home/usr3/Data/EstradaDataset/Vineyard/Multispectral Images/leaf073d0_1.tif,True
54,green,Vineyard/Multispectral Images\leaf073d0_2.tif,/home/usr3/Data/EstradaDataset/Vineyard/Multispectral Images/leaf073d0_2.tif,True
54,red,Vineyard/Multispectral Images\leaf073d0_3.tif,/home/usr3/Data/EstradaDataset/Vineyard/Multispectral Images/leaf073d0_3.tif,True
54,nir,Vineyard/Multispectral Images\leaf073d0_4.tif,/home/usr3/Data/EstradaDataset/Vineyard/Multispectral Images/leaf073d0_4.tif,True
54,red_edge,Vineyard/Multispectral Images\leaf073d0_5.tif,/home/usr3/Data/EstradaDataset/Vineyard/Multispectral Images/leaf073d0_5.tif,True
61,blue,Vineyard/Multispectral Images\leaf088d0_1.tif,/home/usr3/Data/EstradaDataset/Vineyard/Multispectral Images/leaf088d0_1.tif,True
61,green,Vineyard/Multispectral Images\leaf088d0_2.tif,/home/usr3/Data/EstradaDataset/Vineyard/Multispectral Images/leaf088d0_2.tif,True
61,red,Vineyard/Multispectral Images\leaf088d0_3.tif,/home/usr3/Data/EstradaDataset/Vineyard/Multispectral Images/leaf088d0_3.tif,True
61,nir,Vineyard/Multispectral Images\leaf088d0_4.tif,/home/usr3/Data/EstradaDataset/Vineyard/Multispectral Images/leaf088d0_4.tif,True
61,red_edge,Vineyard/Multispectral Images\leaf088d0_5.tif,/home/usr3/Data/EstradaDataset/Vineyard/Multispectral Images/leaf088d0_5.tif,True
65,blue,Vineyard/Multispectral Images\leaf094d0_1.tif,/home/usr3/Data/EstradaDataset/Vineyard/Multispectral Images/leaf094d0_1.tif,True
65,green,Vineyard/Multispectral Images\leaf094d0_2.tif,/home/usr3/Data/EstradaDataset/Vineyard/Multispectral Images/leaf094d0_2.tif,True
65,red,Vineyard/Multispectral Images\leaf094d0_3.tif,/home/usr3/Data/EstradaDataset/Vineyard/Multispectral Images/leaf094d0_3.tif,True
65,nir,Vineyard/Multispectral Images\leaf094d0_4.tif,/home/usr3/Data/EstradaDataset/Vineyard/Multispectral Images/leaf094d0_4.tif,True
65,red_edge,Vineyard/Multispectral Images\leaf094d0_5.tif,/home/usr3/Data/EstradaDataset/Vineyard/Multispectral Images/leaf094d0_5.tif,True
66,blue,Vineyard/Multispectral Images\leaf095d0_1.tif,/home/usr3/Data/EstradaDataset/Vineyard/Multispectral Images/leaf095d0_1.tif,True
66,green,Vineyard/Multispectral Images\leaf095d0_2.tif,/home/usr3/Data/EstradaDataset/Vineyard/Multispectral Images/leaf095d0_2.tif,True
66,red,Vineyard/Multispectral Images\leaf095d0_3.tif,/home/usr3/Data/EstradaDataset/Vineyard/Multispectral Images/leaf095d0_3.tif,True
66,nir,Vineyard/Multispectral Images\leaf095d0_4.tif,/home/usr3/Data/EstradaDataset/Vineyard/Multispectral Images/leaf095d0_4.tif,True
66,red_edge,Vineyard/Multispectral Images\leaf095d0_5.tif,/home/usr3/Data/EstradaDataset/Vineyard/Multispectral Images/leaf095d0_5.tif,True
69,blue,Vineyard/Multispectral Images\leaf098d0_1.tif,/home/usr3/Data/EstradaDataset/Vineyard/Multispectral Images/leaf098d0_1.tif,True
69,green,Vineyard/Multispectral Images\leaf098d0_2.tif,/home/usr3/Data/EstradaDataset/Vineyard/Multispectral Images/leaf098d0_2.tif,True
69,red,Vineyard/Multispectral Images\leaf098d0_3.tif,/home/usr3/Data/EstradaDataset/Vineyard/Multispectral Images/leaf098d0_3.tif,True
69,nir,Vineyard/Multispectral Images\leaf098d0_4.tif,/home/usr3/Data/EstradaDataset/Vineyard/Multispectral Images/leaf098d0_4.tif,True
69,red_edge,Vineyard/Multispectral Images\leaf098d0_5.tif,/home/usr3/Data/EstradaDataset/Vineyard/Multispectral Images/leaf098d0_5.tif,True
71,blue,Vineyard/Multispectral Images\leaf100d0_1.tif,/home/usr3/Data/EstradaDataset/Vineyard/Multispectral Images/leaf100d0_1.tif,True
71,green,Vineyard/Multispectral Images\leaf100d0_2.tif,/home/usr3/Data/EstradaDataset/Vineyard/Multispectral Images/leaf100d0_2.tif,True
71,red,Vineyard/Multispectral Images\leaf100d0_3.tif,/home/usr3/Data/EstradaDataset/Vineyard/Multispectral Images/leaf100d0_3.tif,True
71,nir,Vineyard/Multispectral Images\leaf100d0_4.tif,/home/usr3/Data/EstradaDataset/Vineyard/Multispectral Images/leaf100d0_4.tif,True
71,red_edge,Vineyard/Multispectral Images\leaf100d0_5.tif,/home/usr3/Data/EstradaDataset/Vineyard/Multispectral Images/leaf100d0_5.tif,True
72,blue,Vineyard/Multispectral Images\leaf102d0_1.tif,/home/usr3/Data/EstradaDataset/Vineyard/Multispectral Images/leaf102d0_1.tif,True
72,green,Vineyard/Multispectral Images\leaf102d0_2.tif,/home/usr3/Data/EstradaDataset/Vineyard/Multispectral Images/leaf102d0_2.tif,True
72,red,Vineyard/Multispectral Images\leaf102d0_3.tif,/home/usr3/Data/EstradaDataset/Vineyard/Multispectral Images/leaf102d0_3.tif,True
72,nir,Vineyard/Multispectral Images\leaf102d0_4.tif,/home/usr3/Data/EstradaDataset/Vineyard/Multispectral Images/leaf102d0_4.tif,True
72,red_edge,Vineyard/Multispectral Images\leaf102d0_5.tif,/home/usr3/Data/EstradaDataset/Vineyard/Multispectral Images/leaf102d0_5.tif,True
77,blue,Vineyard/Multispectral Images\leaf004d1_1.tif,/home/usr3/Data/EstradaDataset/Vineyard/Multispectral Images/leaf004d1_1.tif,True
77,green,Vineyard/Multispectral Images\leaf004d1_2.tif,/home/usr3/Data/EstradaDataset/Vineyard/Multispectral Images/leaf004d1_2.tif,True
77,red,Vineyard/Multispectral Images\leaf004d1_3.tif,/home/usr3/Data/EstradaDataset/Vineyard/Multispectral Images/leaf004d1_3.tif,True
77,nir,Vineyard/Multispectral Images\leaf004d1_4.tif,/home/usr3/Data/EstradaDataset/Vineyard/Multispectral Images/leaf004d1_4.tif,True
77,red_edge,Vineyard/Multispectral Images\leaf004d1_5.tif,/home/usr3/Data/EstradaDataset/Vineyard/Multispectral Images/leaf004d1_5.tif,True
78,blue,Vineyard/Multispectral Images\leaf005d1_1.tif,/home/usr3/Data/EstradaDataset/Vineyard/Multispectral Images/leaf005d1_1.tif,True
78,green,Vineyard/Multispectral Images\leaf005d1_2.tif,/home/usr3/Data/EstradaDataset/Vineyard/Multispectral Images/leaf005d1_2.tif,True
78,red,Vineyard/Multispectral Images\leaf005d1_3.tif,/home/usr3/Data/EstradaDataset/Vineyard/Multispectral Images/leaf005d1_3.tif,True
78,nir,Vineyard/Multispectral Images\leaf005d1_4.tif,/home/usr3/Data/EstradaDataset/Vineyard/Multispectral Images/leaf005d1_4.tif,True
78,red_edge,Vineyard/Multispectral Images\leaf005d1_5.tif,/home/usr3/Data/EstradaDataset/Vineyard/Multispectral Images/leaf005d1_5.tif,True
79,blue,Vineyard/Multispectral Images\leaf008d1_1.tif,/home/usr3/Data/EstradaDataset/Vineyard/Multispectral Images/leaf008d1_1.tif,True
79,green,Vineyard/Multispectral Images\leaf008d1_2.tif,/home/usr3/Data/EstradaDataset/Vineyard/Multispectral Images/leaf008d1_2.tif,True
79,red,Vineyard/Multispectral Images\leaf008d1_3.tif,/home/usr3/Data/EstradaDataset/Vineyard/Multispectral Images/leaf008d1_3.tif,True
79,nir,Vineyard/Multispectral Images\leaf008d1_4.tif,/home/usr3/Data/EstradaDataset/Vineyard/Multispectral Images/leaf008d1_4.tif,True
79,red_edge,Vineyard/Multispectral Images\leaf008d1_5.tif,/home/usr3/Data/EstradaDataset/Vineyard/Multispectral Images/leaf008d1_5.tif,True
80,blue,Vineyard/Multispectral Images\leaf009d1_1.tif,/home/usr3/Data/EstradaDataset/Vineyard/Multispectral Images/leaf009d1_1.tif,True
80,green,Vineyard/Multispectral Images\leaf009d1_2.tif,/home/usr3/Data/EstradaDataset/Vineyard/Multispectral Images/leaf009d1_2.tif,True
80,red,Vineyard/Multispectral Images\leaf009d1_3.tif,/home/usr3/Data/EstradaDataset/Vineyard/Multispectral Images/leaf009d1_3.tif,True
80,nir,Vineyard/Multispectral Images\leaf009d1_4.tif,/home/usr3/Data/EstradaDataset/Vineyard/Multispectral Images/leaf009d1_4.tif,True
80,red_edge,Vineyard/Multispectral Images\leaf009d1_5.tif,/home/usr3/Data/EstradaDataset/Vineyard/Multispectral Images/leaf009d1_5.tif,True
82,blue,Vineyard/Multispectral Images\leaf012d1_1.tif,/home/usr3/Data/EstradaDataset/Vineyard/Multispectral Images/leaf012d1_1.tif,True
82,green,Vineyard/Multispectral Images\leaf012d1_2.tif,/home/usr3/Data/EstradaDataset/Vineyard/Multispectral Images/leaf012d1_2.tif,True
82,red,Vineyard/Multispectral Images\leaf012d1_3.tif,/home/usr3/Data/EstradaDataset/Vineyard/Multispectral Images/leaf012d1_3.tif,True
82,nir,Vineyard/Multispectral Images\leaf012d1_4.tif,/home/usr3/Data/EstradaDataset/Vineyard/Multispectral Images/leaf012d1_4.tif,True
82,red_edge,Vineyard/Multispectral Images\leaf012d1_5.tif,/home/usr3/Data/EstradaDataset/Vineyard/Multispectral Images/leaf012d1_5.tif,True
90,blue,Vineyard/Multispectral Images\leaf022d1_1.tif,/home/usr3/Data/EstradaDataset/Vineyard/Multispectral Images/leaf022d1_1.tif,True
90,green,Vineyard/Multispectral Images\leaf022d1_2.tif,/home/usr3/Data/EstradaDataset/Vineyard/Multispectral Images/leaf022d1_2.tif,True
90,red,Vineyard/Multispectral Images\leaf022d1_3.tif,/home/usr3/Data/EstradaDataset/Vineyard/Multispectral Images/leaf022d1_3.tif,True
90,nir,Vineyard/Multispectral Images\leaf022d1_4.tif,/home/usr3/Data/EstradaDataset/Vineyard/Multispectral Images/leaf022d1_4.tif,True
90,red_edge,Vineyard/Multispectral Images\leaf022d1_5.tif,/home/usr3/Data/EstradaDataset/Vineyard/Multispectral Images/leaf022d1_5.tif,True
99,blue,Vineyard/Multispectral Images\leaf033d1_1.tif,/home/usr3/Data/EstradaDataset/Vineyard/Multispectral Images/leaf033d1_1.tif,True
99,green,Vineyard/Multispectral Images\leaf033d1_2.tif,/home/usr3/Data/EstradaDataset/Vineyard/Multispectral Images/leaf033d1_2.tif,True
99,red,Vineyard/Multispectral Images\leaf033d1_3.tif,/home/usr3/Data/EstradaDataset/Vineyard/Multispectral Images/leaf033d1_3.tif,True
99,nir,Vineyard/Multispectral Images\leaf033d1_4.tif,/home/usr3/Data/EstradaDataset/Vineyard/Multispectral Images/leaf033d1_4.tif,True
99,red_edge,Vineyard/Multispectral Images\leaf033d1_5.tif,/home/usr3/Data/EstradaDataset/Vineyard/Multispectral Images/leaf033d1_5.tif,True
103,blue,Vineyard/Multispectral Images\leaf042d1_1.tif,/home/usr3/Data/EstradaDataset/Vineyard/Multispectral Images/leaf042d1_1.tif,True
103,green,Vineyard/Multispectral Images\leaf042d1_2.tif,/home/usr3/Data/EstradaDataset/Vineyard/Multispectral Images/leaf042d1_2.tif,True
103,red,Vineyard/Multispectral Images\leaf042d1_3.tif,/home/usr3/Data/EstradaDataset/Vineyard/Multispectral Images/leaf042d1_3.tif,True
103,nir,Vineyard/Multispectral Images\leaf042d1_4.tif,/home/usr3/Data/EstradaDataset/Vineyard/Multispectral Images/leaf042d1_4.tif,True
103,red_edge,Vineyard/Multispectral Images\leaf042d1_5.tif,/home/usr3/Data/EstradaDataset/Vineyard/Multispectral Images/leaf042d1_5.tif,True
105,blue,Vineyard/Multispectral Images\leaf045d1_1.tif,/home/usr3/Data/EstradaDataset/Vineyard/Multispectral Images/leaf045d1_1.tif,True
105,green,Vineyard/Multispectral Images\leaf045d1_2.tif,/home/usr3/Data/EstradaDataset/Vineyard/Multispectral Images/leaf045d1_2.tif,True
105,red,Vineyard/Multispectral Images\leaf045d1_3.tif,/home/usr3/Data/EstradaDataset/Vineyard/Multispectral Images/leaf045d1_3.tif,True
105,nir,Vineyard/Multispectral Images\leaf045d1_4.tif,/home/usr3/Data/EstradaDataset/Vineyard/Multispectral Images/leaf045d1_4.tif,True
105,red_edge,Vineyard/Multispectral Images\leaf045d1_5.tif,/home/usr3/Data/EstradaDataset/Vineyard/Multispectral Images/leaf045d1_5.tif,True
106,blue,Vineyard/Multispectral Images\leaf047d1_1.tif,/home/usr3/Data/EstradaDataset/Vineyard/Multispectral Images/leaf047d1_1.tif,True
106,green,Vineyard/Multispectral Images\leaf047d1_2.tif,/home/usr3/Data/EstradaDataset/Vineyard/Multispectral Images/leaf047d1_2.tif,True
106,red,Vineyard/Multispectral Images\leaf047d1_3.tif,/home/usr3/Data/EstradaDataset/Vineyard/Multispectral Images/leaf047d1_3.tif,True
106,nir,Vineyard/Multispectral Images\leaf047d1_4.tif,/home/usr3/Data/EstradaDataset/Vineyard/Multispectral Images/leaf047d1_4.tif,True
106,red_edge,Vineyard/Multispectral Images\leaf047d1_5.tif,/home/usr3/Data/EstradaDataset/Vineyard/Multispectral Images/leaf047d1_5.tif,True
107,blue,Vineyard/Multispectral Images\leaf048d1_1.tif,/home/usr3/Data/EstradaDataset/Vineyard/Multispectral Images/leaf048d1_1.tif,True
107,green,Vineyard/Multispectral Images\leaf048d1_2.tif,/home/usr3/Data/EstradaDataset/Vineyard/Multispectral Images/leaf048d1_2.tif,True
107,red,Vineyard/Multispectral Images\leaf048d1_3.tif,/home/usr3/Data/EstradaDataset/Vineyard/Multispectral Images/leaf048d1_3.tif,True
107,nir,Vineyard/Multispectral Images\leaf048d1_4.tif,/home/usr3/Data/EstradaDataset/Vineyard/Multispectral Images/leaf048d1_4.tif,True
107,red_edge,Vineyard/Multispectral Images\leaf048d1_5.tif,/home/usr3/Data/EstradaDataset/Vineyard/Multispectral Images/leaf048d1_5.tif,True
108,blue,Vineyard/Multispectral Images\leaf050d1_1.tif,/home/usr3/Data/EstradaDataset/Vineyard/Multispectral Images/leaf050d1_1.tif,True
108,green,Vineyard/Multispectral Images\leaf050d1_2.tif,/home/usr3/Data/EstradaDataset/Vineyard/Multispectral Images/leaf050d1_2.tif,True
108,red,Vineyard/Multispectral Images\leaf050d1_3.tif,/home/usr3/Data/EstradaDataset/Vineyard/Multispectral Images/leaf050d1_3.tif,True
108,nir,Vineyard/Multispectral Images\leaf050d1_4.tif,/home/usr3/Data/EstradaDataset/Vineyard/Multispectral Images/leaf050d1_4.tif,True
108,red_edge,Vineyard/Multispectral Images\leaf050d1_5.tif,/home/usr3/Data/EstradaDataset/Vineyard/Multispectral Images/leaf050d1_5.tif,True
112,blue,Vineyard/Multispectral Images\leaf054d1_1.tif,/home/usr3/Data/EstradaDataset/Vineyard/Multispectral Images/leaf054d1_1.tif,True
112,green,Vineyard/Multispectral Images\leaf054d1_2.tif,/home/usr3/Data/EstradaDataset/Vineyard/Multispectral Images/leaf054d1_2.tif,True
112,red,Vineyard/Multispectral Images\leaf054d1_3.tif,/home/usr3/Data/EstradaDataset/Vineyard/Multispectral Images/leaf054d1_3.tif,True
112,nir,Vineyard/Multispectral Images\leaf054d1_4.tif,/home/usr3/Data/EstradaDataset/Vineyard/Multispectral Images/leaf054d1_4.tif,True
112,red_edge,Vineyard/Multispectral Images\leaf054d1_5.tif,/home/usr3/Data/EstradaDataset/Vineyard/Multispectral Images/leaf054d1_5.tif,True
115,blue,Vineyard/Multispectral Images\leaf057d1_1.tif,/home/usr3/Data/EstradaDataset/Vineyard/Multispectral Images/leaf057d1_1.tif,True
115,green,Vineyard/Multispectral Images\leaf057d1_2.tif,/home/usr3/Data/EstradaDataset/Vineyard/Multispectral Images/leaf057d1_2.tif,True
115,red,Vineyard/Multispectral Images\leaf057d1_3.tif,/home/usr3/Data/EstradaDataset/Vineyard/Multispectral Images/leaf057d1_3.tif,True
115,nir,Vineyard/Multispectral Images\leaf057d1_4.tif,/home/usr3/Data/EstradaDataset/Vineyard/Multispectral Images/leaf057d1_4.tif,True
115,red_edge,Vineyard/Multispectral Images\leaf057d1_5.tif,/home/usr3/Data/EstradaDataset/Vineyard/Multispectral Images/leaf057d1_5.tif,True
117,blue,Vineyard/Multispectral Images\leaf059d1_1.tif,/home/usr3/Data/EstradaDataset/Vineyard/Multispectral Images/leaf059d1_1.tif,True
117,green,Vineyard/Multispectral Images\leaf059d1_2.tif,/home/usr3/Data/EstradaDataset/Vineyard/Multispectral Images/leaf059d1_2.tif,True
117,red,Vineyard/Multispectral Images\leaf059d1_3.tif,/home/usr3/Data/EstradaDataset/Vineyard/Multispectral Images/leaf059d1_3.tif,True
117,nir,Vineyard/Multispectral Images\leaf059d1_4.tif,/home/usr3/Data/EstradaDataset/Vineyard/Multispectral Images/leaf059d1_4.tif,True
117,red_edge,Vineyard/Multispectral Images\leaf059d1_5.tif,/home/usr3/Data/EstradaDataset/Vineyard/Multispectral Images/leaf059d1_5.tif,True
120,blue,Vineyard/Multispectral Images\leaf062d1_1.tif,/home/usr3/Data/EstradaDataset/Vineyard/Multispectral Images/leaf062d1_1.tif,True
120,green,Vineyard/Multispectral Images\leaf062d1_2.tif,/home/usr3/Data/EstradaDataset/Vineyard/Multispectral Images/leaf062d1_2.tif,True
120,red,Vineyard/Multispectral Images\leaf062d1_3.tif,/home/usr3/Data/EstradaDataset/Vineyard/Multispectral Images/leaf062d1_3.tif,True
120,nir,Vineyard/Multispectral Images\leaf062d1_4.tif,/home/usr3/Data/EstradaDataset/Vineyard/Multispectral Images/leaf062d1_4.tif,True
120,red_edge,Vineyard/Multispectral Images\leaf062d1_5.tif,/home/usr3/Data/EstradaDataset/Vineyard/Multispectral Images/leaf062d1_5.tif,True
122,blue,Vineyard/Multispectral Images\leaf065d1_1.tif,/home/usr3/Data/EstradaDataset/Vineyard/Multispectral Images/leaf065d1_1.tif,True
122,green,Vineyard/Multispectral Images\leaf065d1_2.tif,/home/usr3/Data/EstradaDataset/Vineyard/Multispectral Images/leaf065d1_2.tif,True
122,red,Vineyard/Multispectral Images\leaf065d1_3.tif,/home/usr3/Data/EstradaDataset/Vineyard/Multispectral Images/leaf065d1_3.tif,True
122,nir,Vineyard/Multispectral Images\leaf065d1_4.tif,/home/usr3/Data/EstradaDataset/Vineyard/Multispectral Images/leaf065d1_4.tif,True
122,red_edge,Vineyard/Multispectral Images\leaf065d1_5.tif,/home/usr3/Data/EstradaDataset/Vineyard/Multispectral Images/leaf065d1_5.tif,True
128,blue,Vineyard/Multispectral Images\leaf074d1_1.tif,/home/usr3/Data/EstradaDataset/Vineyard/Multispectral Images/leaf074d1_1.tif,True
128,green,Vineyard/Multispectral Images\leaf074d1_2.tif,/home/usr3/Data/EstradaDataset/Vineyard/Multispectral Images/leaf074d1_2.tif,True
128,red,Vineyard/Multispectral Images\leaf074d1_3.tif,/home/usr3/Data/EstradaDataset/Vineyard/Multispectral Images/leaf074d1_3.tif,True
128,nir,Vineyard/Multispectral Images\leaf074d1_4.tif,/home/usr3/Data/EstradaDataset/Vineyard/Multispectral Images/leaf074d1_4.tif,True
128,red_edge,Vineyard/Multispectral Images\leaf074d1_5.tif,/home/usr3/Data/EstradaDataset/Vineyard/Multispectral Images/leaf074d1_5.tif,True
129,blue,Vineyard/Multispectral Images\leaf075d1_1.tif,/home/usr3/Data/EstradaDataset/Vineyard/Multispectral Images/leaf075d1_1.tif,True
129,green,Vineyard/Multispectral Images\leaf075d1_2.tif,/home/usr3/Data/EstradaDataset/Vineyard/Multispectral Images/leaf075d1_2.tif,True
129,red,Vineyard/Multispectral Images\leaf075d1_3.tif,/home/usr3/Data/EstradaDataset/Vineyard/Multispectral Images/leaf075d1_3.tif,True
129,nir,Vineyard/Multispectral Images\leaf075d1_4.tif,/home/usr3/Data/EstradaDataset/Vineyard/Multispectral Images/leaf075d1_4.tif,True
129,red_edge,Vineyard/Multispectral Images\leaf075d1_5.tif,/home/usr3/Data/EstradaDataset/Vineyard/Multispectral Images/leaf075d1_5.tif,True
134,blue,Vineyard/Multispectral Images\leaf088d1_1.tif,/home/usr3/Data/EstradaDataset/Vineyard/Multispectral Images/leaf088d1_1.tif,True
134,green,Vineyard/Multispectral Images\leaf088d1_2.tif,/home/usr3/Data/EstradaDataset/Vineyard/Multispectral Images/leaf088d1_2.tif,True
134,red,Vineyard/Multispectral Images\leaf088d1_3.tif,/home/usr3/Data/EstradaDataset/Vineyard/Multispectral Images/leaf088d1_3.tif,True
134,nir,Vineyard/Multispectral Images\leaf088d1_4.tif,/home/usr3/Data/EstradaDataset/Vineyard/Multispectral Images/leaf088d1_4.tif,True
134,red_edge,Vineyard/Multispectral Images\leaf088d1_5.tif,/home/usr3/Data/EstradaDataset/Vineyard/Multispectral Images/leaf088d1_5.tif,True
137,blue,Vineyard/Multispectral Images\leaf092d1_1.tif,/home/usr3/Data/EstradaDataset/Vineyard/Multispectral Images/leaf092d1_1.tif,True
137,green,Vineyard/Multispectral Images\leaf092d1_2.tif,/home/usr3/Data/EstradaDataset/Vineyard/Multispectral Images/leaf092d1_2.tif,True
137,red,Vineyard/Multispectral Images\leaf092d1_3.tif,/home/usr3/Data/EstradaDataset/Vineyard/Multispectral Images/leaf092d1_3.tif,True
137,nir,Vineyard/Multispectral Images\leaf092d1_4.tif,/home/usr3/Data/EstradaDataset/Vineyard/Multispectral Images/leaf092d1_4.tif,True
137,red_edge,Vineyard/Multispectral Images\leaf092d1_5.tif,/home/usr3/Data/EstradaDataset/Vineyard/Multispectral Images/leaf092d1_5.tif,True
138,blue,Vineyard/Multispectral Images\leaf094d1_1.tif,/home/usr3/Data/EstradaDataset/Vineyard/Multispectral Images/leaf094d1_1.tif,True
138,green,Vineyard/Multispectral Images\leaf094d1_2.tif,/home/usr3/Data/EstradaDataset/Vineyard/Multispectral Images/leaf094d1_2.tif,True
138,red,Vineyard/Multispectral Images\leaf094d1_3.tif,/home/usr3/Data/EstradaDataset/Vineyard/Multispectral Images/leaf094d1_3.tif,True
138,nir,Vineyard/Multispectral Images\leaf094d1_4.tif,/home/usr3/Data/EstradaDataset/Vineyard/Multispectral Images/leaf094d1_4.tif,True
138,red_edge,Vineyard/Multispectral Images\leaf094d1_5.tif,/home/usr3/Data/EstradaDataset/Vineyard/Multispectral Images/leaf094d1_5.tif,True
141,blue,Vineyard/Multispectral Images\leaf097d1_1.tif,/home/usr3/Data/EstradaDataset/Vineyard/Multispectral Images/leaf097d1_1.tif,True
141,green,Vineyard/Multispectral Images\leaf097d1_2.tif,/home/usr3/Data/EstradaDataset/Vineyard/Multispectral Images/leaf097d1_2.tif,True
141,red,Vineyard/Multispectral Images\leaf097d1_3.tif,/home/usr3/Data/EstradaDataset/Vineyard/Multispectral Images/leaf097d1_3.tif,True
141,nir,Vineyard/Multispectral Images\leaf097d1_4.tif,/home/usr3/Data/EstradaDataset/Vineyard/Multispectral Images/leaf097d1_4.tif,True
141,red_edge,Vineyard/Multispectral Images\leaf097d1_5.tif,/home/usr3/Data/EstradaDataset/Vineyard/Multispectral Images/leaf097d1_5.tif,True
144,blue,Vineyard/Multispectral Images\leaf100d1_1.tif,/home/usr3/Data/EstradaDataset/Vineyard/Multispectral Images/leaf100d1_1.tif,True
144,green,Vineyard/Multispectral Images\leaf100d1_2.tif,/home/usr3/Data/EstradaDataset/Vineyard/Multispectral Images/leaf100d1_2.tif,True
144,red,Vineyard/Multispectral Images\leaf100d1_3.tif,/home/usr3/Data/EstradaDataset/Vineyard/Multispectral Images/leaf100d1_3.tif,True
144,nir,Vineyard/Multispectral Images\leaf100d1_4.tif,/home/usr3/Data/EstradaDataset/Vineyard/Multispectral Images/leaf100d1_4.tif,True
144,red_edge,Vineyard/Multispectral Images\leaf100d1_5.tif,/home/usr3/Data/EstradaDataset/Vineyard/Multispectral Images/leaf100d1_5.tif,True
145,blue,Vineyard/Multispectral Images\leaf102d1_1.tif,/home/usr3/Data/EstradaDataset/Vineyard/Multispectral Images/leaf102d1_1.tif,True
145,green,Vineyard/Multispectral Images\leaf102d1_2.tif,/home/usr3/Data/EstradaDataset/Vineyard/Multispectral Images/leaf102d1_2.tif,True
145,red,Vineyard/Multispectral Images\leaf102d1_3.tif,/home/usr3/Data/EstradaDataset/Vineyard/Multispectral Images/leaf102d1_3.tif,True
145,nir,Vineyard/Multispectral Images\leaf102d1_4.tif,/home/usr3/Data/EstradaDataset/Vineyard/Multispectral Images/leaf102d1_4.tif,True
145,red_edge,Vineyard/Multispectral Images\leaf102d1_5.tif,/home/usr3/Data/EstradaDataset/Vineyard/Multispectral Images/leaf102d1_5.tif,True
147,blue,Vineyard/Multispectral Images\leaf001d2_1.tif,/home/usr3/Data/EstradaDataset/Vineyard/Multispectral Images/leaf001d2_1.tif,True
147,green,Vineyard/Multispectral Images\leaf001d2_2.tif,/home/usr3/Data/EstradaDataset/Vineyard/Multispectral Images/leaf001d2_2.tif,True
147,red,Vineyard/Multispectral Images\leaf001d2_3.tif,/home/usr3/Data/EstradaDataset/Vineyard/Multispectral Images/leaf001d2_3.tif,True
147,nir,Vineyard/Multispectral Images\leaf001d2_4.tif,/home/usr3/Data/EstradaDataset/Vineyard/Multispectral Images/leaf001d2_4.tif,True
147,red_edge,Vineyard/Multispectral Images\leaf001d2_5.tif,/home/usr3/Data/EstradaDataset/Vineyard/Multispectral Images/leaf001d2_5.tif,True
149,blue,Vineyard/Multispectral Images\leaf003d2_1.tif,/home/usr3/Data/EstradaDataset/Vineyard/Multispectral Images/leaf003d2_1.tif,True
149,green,Vineyard/Multispectral Images\leaf003d2_2.tif,/home/usr3/Data/EstradaDataset/Vineyard/Multispectral Images/leaf003d2_2.tif,True
149,red,Vineyard/Multispectral Images\leaf003d2_3.tif,/home/usr3/Data/EstradaDataset/Vineyard/Multispectral Images/leaf003d2_3.tif,True
149,nir,Vineyard/Multispectral Images\leaf003d2_4.tif,/home/usr3/Data/EstradaDataset/Vineyard/Multispectral Images/leaf003d2_4.tif,True
149,red_edge,Vineyard/Multispectral Images\leaf003d2_5.tif,/home/usr3/Data/EstradaDataset/Vineyard/Multispectral Images/leaf003d2_5.tif,True
152,blue,Vineyard/Multispectral Images\leaf008d2_1.tif,/home/usr3/Data/EstradaDataset/Vineyard/Multispectral Images/leaf008d2_1.tif,True
152,green,Vineyard/Multispectral Images\leaf008d2_2.tif,/home/usr3/Data/EstradaDataset/Vineyard/Multispectral Images/leaf008d2_2.tif,True
152,red,Vineyard/Multispectral Images\leaf008d2_3.tif,/home/usr3/Data/EstradaDataset/Vineyard/Multispectral Images/leaf008d2_3.tif,True
152,nir,Vineyard/Multispectral Images\leaf008d2_4.tif,/home/usr3/Data/EstradaDataset/Vineyard/Multispectral Images/leaf008d2_4.tif,True
152,red_edge,Vineyard/Multispectral Images\leaf008d2_5.tif,/home/usr3/Data/EstradaDataset/Vineyard/Multispectral Images/leaf008d2_5.tif,True
162,blue,Vineyard/Multispectral Images\leaf021d2_1.tif,/home/usr3/Data/EstradaDataset/Vineyard/Multispectral Images/leaf021d2_1.tif,True
162,green,Vineyard/Multispectral Images\leaf021d2_2.tif,/home/usr3/Data/EstradaDataset/Vineyard/Multispectral Images/leaf021d2_2.tif,True
162,red,Vineyard/Multispectral Images\leaf021d2_3.tif,/home/usr3/Data/EstradaDataset/Vineyard/Multispectral Images/leaf021d2_3.tif,True
162,nir,Vineyard/Multispectral Images\leaf021d2_4.tif,/home/usr3/Data/EstradaDataset/Vineyard/Multispectral Images/leaf021d2_4.tif,True
162,red_edge,Vineyard/Multispectral Images\leaf021d2_5.tif,/home/usr3/Data/EstradaDataset/Vineyard/Multispectral Images/leaf021d2_5.tif,True
169,blue,Vineyard/Multispectral Images\leaf030d2_1.tif,/home/usr3/Data/EstradaDataset/Vineyard/Multispectral Images/leaf030d2_1.tif,True
169,green,Vineyard/Multispectral Images\leaf030d2_2.tif,/home/usr3/Data/EstradaDataset/Vineyard/Multispectral Images/leaf030d2_2.tif,True
169,red,Vineyard/Multispectral Images\leaf030d2_3.tif,/home/usr3/Data/EstradaDataset/Vineyard/Multispectral Images/leaf030d2_3.tif,True
169,nir,Vineyard/Multispectral Images\leaf030d2_4.tif,/home/usr3/Data/EstradaDataset/Vineyard/Multispectral Images/leaf030d2_4.tif,True
169,red_edge,Vineyard/Multispectral Images\leaf030d2_5.tif,/home/usr3/Data/EstradaDataset/Vineyard/Multispectral Images/leaf030d2_5.tif,True
179,blue,Vineyard/Multispectral Images\leaf047d2_1.tif,/home/usr3/Data/EstradaDataset/Vineyard/Multispectral Images/leaf047d2_1.tif,True
179,green,Vineyard/Multispectral Images\leaf047d2_2.tif,/home/usr3/Data/EstradaDataset/Vineyard/Multispectral Images/leaf047d2_2.tif,True
179,red,Vineyard/Multispectral Images\leaf047d2_3.tif,/home/usr3/Data/EstradaDataset/Vineyard/Multispectral Images/leaf047d2_3.tif,True
179,nir,Vineyard/Multispectral Images\leaf047d2_4.tif,/home/usr3/Data/EstradaDataset/Vineyard/Multispectral Images/leaf047d2_4.tif,True
179,red_edge,Vineyard/Multispectral Images\leaf047d2_5.tif,/home/usr3/Data/EstradaDataset/Vineyard/Multispectral Images/leaf047d2_5.tif,True
181,blue,Vineyard/Multispectral Images\leaf050d2_1.tif,/home/usr3/Data/EstradaDataset/Vineyard/Multispectral Images/leaf050d2_1.tif,True
181,green,Vineyard/Multispectral Images\leaf050d2_2.tif,/home/usr3/Data/EstradaDataset/Vineyard/Multispectral Images/leaf050d2_2.tif,True
181,red,Vineyard/Multispectral Images\leaf050d2_3.tif,/home/usr3/Data/EstradaDataset/Vineyard/Multispectral Images/leaf050d2_3.tif,True
181,nir,Vineyard/Multispectral Images\leaf050d2_4.tif,/home/usr3/Data/EstradaDataset/Vineyard/Multispectral Images/leaf050d2_4.tif,True
181,red_edge,Vineyard/Multispectral Images\leaf050d2_5.tif,/home/usr3/Data/EstradaDataset/Vineyard/Multispectral Images/leaf050d2_5.tif,True
192,blue,Vineyard/Multispectral Images\leaf061d2_1.tif,/home/usr3/Data/EstradaDataset/Vineyard/Multispectral Images/leaf061d2_1.tif,True
192,green,Vineyard/Multispectral Images\leaf061d2_2.tif,/home/usr3/Data/EstradaDataset/Vineyard/Multispectral Images/leaf061d2_2.tif,True
192,red,Vineyard/Multispectral Images\leaf061d2_3.tif,/home/usr3/Data/EstradaDataset/Vineyard/Multispectral Images/leaf061d2_3.tif,True
192,nir,Vineyard/Multispectral Images\leaf061d2_4.tif,/home/usr3/Data/EstradaDataset/Vineyard/Multispectral Images/leaf061d2_4.tif,True
192,red_edge,Vineyard/Multispectral Images\leaf061d2_5.tif,/home/usr3/Data/EstradaDataset/Vineyard/Multispectral Images/leaf061d2_5.tif,True
196,blue,Vineyard/Multispectral Images\leaf067d2_1.tif,/home/usr3/Data/EstradaDataset/Vineyard/Multispectral Images/leaf067d2_1.tif,True
196,green,Vineyard/Multispectral Images\leaf067d2_2.tif,/home/usr3/Data/EstradaDataset/Vineyard/Multispectral Images/leaf067d2_2.tif,True
196,red,Vineyard/Multispectral Images\leaf067d2_3.tif,/home/usr3/Data/EstradaDataset/Vineyard/Multispectral Images/leaf067d2_3.tif,True
196,nir,Vineyard/Multispectral Images\leaf067d2_4.tif,/home/usr3/Data/EstradaDataset/Vineyard/Multispectral Images/leaf067d2_4.tif,True
196,red_edge,Vineyard/Multispectral Images\leaf067d2_5.tif,/home/usr3/Data/EstradaDataset/Vineyard/Multispectral Images/leaf067d2_5.tif,True
201,blue,Vineyard/Multispectral Images\leaf074d2_1.tif,/home/usr3/Data/EstradaDataset/Vineyard/Multispectral Images/leaf074d2_1.tif,True
201,green,Vineyard/Multispectral Images\leaf074d2_2.tif,/home/usr3/Data/EstradaDataset/Vineyard/Multispectral Images/leaf074d2_2.tif,True
201,red,Vineyard/Multispectral Images\leaf074d2_3.tif,/home/usr3/Data/EstradaDataset/Vineyard/Multispectral Images/leaf074d2_3.tif,True
201,nir,Vineyard/Multispectral Images\leaf074d2_4.tif,/home/usr3/Data/EstradaDataset/Vineyard/Multispectral Images/leaf074d2_4.tif,True
201,red_edge,Vineyard/Multispectral Images\leaf074d2_5.tif,/home/usr3/Data/EstradaDataset/Vineyard/Multispectral Images/leaf074d2_5.tif,True
205,blue,Vineyard/Multispectral Images\leaf081d2_1.tif,/home/usr3/Data/EstradaDataset/Vineyard/Multispectral Images/leaf081d2_1.tif,True
205,green,Vineyard/Multispectral Images\leaf081d2_2.tif,/home/usr3/Data/EstradaDataset/Vineyard/Multispectral Images/leaf081d2_2.tif,True
205,red,Vineyard/Multispectral Images\leaf081d2_3.tif,/home/usr3/Data/EstradaDataset/Vineyard/Multispectral Images/leaf081d2_3.tif,True
205,nir,Vineyard/Multispectral Images\leaf081d2_4.tif,/home/usr3/Data/EstradaDataset/Vineyard/Multispectral Images/leaf081d2_4.tif,True
205,red_edge,Vineyard/Multispectral Images\leaf081d2_5.tif,/home/usr3/Data/EstradaDataset/Vineyard/Multispectral Images/leaf081d2_5.tif,True
211,blue,Vineyard/Multispectral Images\leaf094d2_1.tif,/home/usr3/Data/EstradaDataset/Vineyard/Multispectral Images/leaf094d2_1.tif,True
211,green,Vineyard/Multispectral Images\leaf094d2_2.tif,/home/usr3/Data/EstradaDataset/Vineyard/Multispectral Images/leaf094d2_2.tif,True
211,red,Vineyard/Multispectral Images\leaf094d2_3.tif,/home/usr3/Data/EstradaDataset/Vineyard/Multispectral Images/leaf094d2_3.tif,True
211,nir,Vineyard/Multispectral Images\leaf094d2_4.tif,/home/usr3/Data/EstradaDataset/Vineyard/Multispectral Images/leaf094d2_4.tif,True
211,red_edge,Vineyard/Multispectral Images\leaf094d2_5.tif,/home/usr3/Data/EstradaDataset/Vineyard/Multispectral Images/leaf094d2_5.tif,True
213,blue,Vineyard/Multispectral Images\leaf096d2_1.tif,/home/usr3/Data/EstradaDataset/Vineyard/Multispectral Images/leaf096d2_1.tif,True
213,green,Vineyard/Multispectral Images\leaf096d2_2.tif,/home/usr3/Data/EstradaDataset/Vineyard/Multispectral Images/leaf096d2_2.tif,True
213,red,Vineyard/Multispectral Images\leaf096d2_3.tif,/home/usr3/Data/EstradaDataset/Vineyard/Multispectral Images/leaf096d2_3.tif,True
213,nir,Vineyard/Multispectral Images\leaf096d2_4.tif,/home/usr3/Data/EstradaDataset/Vineyard/Multispectral Images/leaf096d2_4.tif,True
213,red_edge,Vineyard/Multispectral Images\leaf096d2_5.tif,/home/usr3/Data/EstradaDataset/Vineyard/Multispectral Images/leaf096d2_5.tif,True
221,blue,Vineyard/Multispectral Images\leaf002d3_1.tif,/home/usr3/Data/EstradaDataset/Vineyard/Multispectral Images/leaf002d3_1.tif,True
221,green,Vineyard/Multispectral Images\leaf002d3_2.tif,/home/usr3/Data/EstradaDataset/Vineyard/Multispectral Images/leaf002d3_2.tif,True
221,red,Vineyard/Multispectral Images\leaf002d3_3.tif,/home/usr3/Data/EstradaDataset/Vineyard/Multispectral Images/leaf002d3_3.tif,True
221,nir,Vineyard/Multispectral Images\leaf002d3_4.tif,/home/usr3/Data/EstradaDataset/Vineyard/Multispectral Images/leaf002d3_4.tif,True
221,red_edge,Vineyard/Multispectral Images\leaf002d3_5.tif,/home/usr3/Data/EstradaDataset/Vineyard/Multispectral Images/leaf002d3_5.tif,True
225,blue,Vineyard/Multispectral Images\leaf008d3_1.tif,/home/usr3/Data/EstradaDataset/Vineyard/Multispectral Images/leaf008d3_1.tif,True
225,green,Vineyard/Multispectral Images\leaf008d3_2.tif,/home/usr3/Data/EstradaDataset/Vineyard/Multispectral Images/leaf008d3_2.tif,True
225,red,Vineyard/Multispectral Images\leaf008d3_3.tif,/home/usr3/Data/EstradaDataset/Vineyard/Multispectral Images/leaf008d3_3.tif,True
225,nir,Vineyard/Multispectral Images\leaf008d3_4.tif,/home/usr3/Data/EstradaDataset/Vineyard/Multispectral Images/leaf008d3_4.tif,True
225,red_edge,Vineyard/Multispectral Images\leaf008d3_5.tif,/home/usr3/Data/EstradaDataset/Vineyard/Multispectral Images/leaf008d3_5.tif,True
231,blue,Vineyard/Multispectral Images\leaf015d3_1.tif,/home/usr3/Data/EstradaDataset/Vineyard/Multispectral Images/leaf015d3_1.tif,True
231,green,Vineyard/Multispectral Images\leaf015d3_2.tif,/home/usr3/Data/EstradaDataset/Vineyard/Multispectral Images/leaf015d3_2.tif,True
231,red,Vineyard/Multispectral Images\leaf015d3_3.tif,/home/usr3/Data/EstradaDataset/Vineyard/Multispectral Images/leaf015d3_3.tif,True
231,nir,Vineyard/Multispectral Images\leaf015d3_4.tif,/home/usr3/Data/EstradaDataset/Vineyard/Multispectral Images/leaf015d3_4.tif,True
231,red_edge,Vineyard/Multispectral Images\leaf015d3_5.tif,/home/usr3/Data/EstradaDataset/Vineyard/Multispectral Images/leaf015d3_5.tif,True
245,blue,Vineyard/Multispectral Images\leaf033d3_1.tif,/home/usr3/Data/EstradaDataset/Vineyard/Multispectral Images/leaf033d3_1.tif,True
245,green,Vineyard/Multispectral Images\leaf033d3_2.tif,/home/usr3/Data/EstradaDataset/Vineyard/Multispectral Images/leaf033d3_2.tif,True
245,red,Vineyard/Multispectral Images\leaf033d3_3.tif,/home/usr3/Data/EstradaDataset/Vineyard/Multispectral Images/leaf033d3_3.tif,True
245,nir,Vineyard/Multispectral Images\leaf033d3_4.tif,/home/usr3/Data/EstradaDataset/Vineyard/Multispectral Images/leaf033d3_4.tif,True
245,red_edge,Vineyard/Multispectral Images\leaf033d3_5.tif,/home/usr3/Data/EstradaDataset/Vineyard/Multispectral Images/leaf033d3_5.tif,True
253,blue,Vineyard/Multispectral Images\leaf048d3_1.tif,/home/usr3/Data/EstradaDataset/Vineyard/Multispectral Images/leaf048d3_1.tif,True
253,green,Vineyard/Multispectral Images\leaf048d3_2.tif,/home/usr3/Data/EstradaDataset/Vineyard/Multispectral Images/leaf048d3_2.tif,True
253,red,Vineyard/Multispectral Images\leaf048d3_3.tif,/home/usr3/Data/EstradaDataset/Vineyard/Multispectral Images/leaf048d3_3.tif,True
253,nir,Vineyard/Multispectral Images\leaf048d3_4.tif,/home/usr3/Data/EstradaDataset/Vineyard/Multispectral Images/leaf048d3_4.tif,True
253,red_edge,Vineyard/Multispectral Images\leaf048d3_5.tif,/home/usr3/Data/EstradaDataset/Vineyard/Multispectral Images/leaf048d3_5.tif,True
255,blue,Vineyard/Multispectral Images\leaf051d3_1.tif,/home/usr3/Data/EstradaDataset/Vineyard/Multispectral Images/leaf051d3_1.tif,True
255,green,Vineyard/Multispectral Images\leaf051d3_2.tif,/home/usr3/Data/EstradaDataset/Vineyard/Multispectral Images/leaf051d3_2.tif,True
255,red,Vineyard/Multispectral Images\leaf051d3_3.tif,/home/usr3/Data/EstradaDataset/Vineyard/Multispectral Images/leaf051d3_3.tif,True
255,nir,Vineyard/Multispectral Images\leaf051d3_4.tif,/home/usr3/Data/EstradaDataset/Vineyard/Multispectral Images/leaf051d3_4.tif,True
255,red_edge,Vineyard/Multispectral Images\leaf051d3_5.tif,/home/usr3/Data/EstradaDataset/Vineyard/Multispectral Images/leaf051d3_5.tif,True
257,blue,Vineyard/Multispectral Images\leaf053d3_1.tif,/home/usr3/Data/EstradaDataset/Vineyard/Multispectral Images/leaf053d3_1.tif,True
257,green,Vineyard/Multispectral Images\leaf053d3_2.tif,/home/usr3/Data/EstradaDataset/Vineyard/Multispectral Images/leaf053d3_2.tif,True
257,red,Vineyard/Multispectral Images\leaf053d3_3.tif,/home/usr3/Data/EstradaDataset/Vineyard/Multispectral Images/leaf053d3_3.tif,True
257,nir,Vineyard/Multispectral Images\leaf053d3_4.tif,/home/usr3/Data/EstradaDataset/Vineyard/Multispectral Images/leaf053d3_4.tif,True
257,red_edge,Vineyard/Multispectral Images\leaf053d3_5.tif,/home/usr3/Data/EstradaDataset/Vineyard/Multispectral Images/leaf053d3_5.tif,True
258,blue,Vineyard/Multispectral Images\leaf054d3_1.tif,/home/usr3/Data/EstradaDataset/Vineyard/Multispectral Images/leaf054d3_1.tif,True
258,green,Vineyard/Multispectral Images\leaf054d3_2.tif,/home/usr3/Data/EstradaDataset/Vineyard/Multispectral Images/leaf054d3_2.tif,True
258,red,Vineyard/Multispectral Images\leaf054d3_3.tif,/home/usr3/Data/EstradaDataset/Vineyard/Multispectral Images/leaf054d3_3.tif,True
258,nir,Vineyard/Multispectral Images\leaf054d3_4.tif,/home/usr3/Data/EstradaDataset/Vineyard/Multispectral Images/leaf054d3_4.tif,True
258,red_edge,Vineyard/Multispectral Images\leaf054d3_5.tif,/home/usr3/Data/EstradaDataset/Vineyard/Multispectral Images/leaf054d3_5.tif,True
267,blue,Vineyard/Multispectral Images\leaf063d3_1.tif,/home/usr3/Data/EstradaDataset/Vineyard/Multispectral Images/leaf063d3_1.tif,True
267,green,Vineyard/Multispectral Images\leaf063d3_2.tif,/home/usr3/Data/EstradaDataset/Vineyard/Multispectral Images/leaf063d3_2.tif,True
267,red,Vineyard/Multispectral Images\leaf063d3_3.tif,/home/usr3/Data/EstradaDataset/Vineyard/Multispectral Images/leaf063d3_3.tif,True
267,nir,Vineyard/Multispectral Images\leaf063d3_4.tif,/home/usr3/Data/EstradaDataset/Vineyard/Multispectral Images/leaf063d3_4.tif,True
267,red_edge,Vineyard/Multispectral Images\leaf063d3_5.tif,/home/usr3/Data/EstradaDataset/Vineyard/Multispectral Images/leaf063d3_5.tif,True
269,blue,Vineyard/Multispectral Images\leaf067d3_1.tif,/home/usr3/Data/EstradaDataset/Vineyard/Multispectral Images/leaf067d3_1.tif,True
269,green,Vineyard/Multispectral Images\leaf067d3_2.tif,/home/usr3/Data/EstradaDataset/Vineyard/Multispectral Images/leaf067d3_2.tif,True
269,red,Vineyard/Multispectral Images\leaf067d3_3.tif,/home/usr3/Data/EstradaDataset/Vineyard/Multispectral Images/leaf067d3_3.tif,True
269,nir,Vineyard/Multispectral Images\leaf067d3_4.tif,/home/usr3/Data/EstradaDataset/Vineyard/Multispectral Images/leaf067d3_4.tif,True
269,red_edge,Vineyard/Multispectral Images\leaf067d3_5.tif,/home/usr3/Data/EstradaDataset/Vineyard/Multispectral Images/leaf067d3_5.tif,True
271,blue,Vineyard/Multispectral Images\leaf070d3_1.tif,/home/usr3/Data/EstradaDataset/Vineyard/Multispectral Images/leaf070d3_1.tif,True
271,green,Vineyard/Multispectral Images\leaf070d3_2.tif,/home/usr3/Data/EstradaDataset/Vineyard/Multispectral Images/leaf070d3_2.tif,True
271,red,Vineyard/Multispectral Images\leaf070d3_3.tif,/home/usr3/Data/EstradaDataset/Vineyard/Multispectral Images/leaf070d3_3.tif,True
271,nir,Vineyard/Multispectral Images\leaf070d3_4.tif,/home/usr3/Data/EstradaDataset/Vineyard/Multispectral Images/leaf070d3_4.tif,True
271,red_edge,Vineyard/Multispectral Images\leaf070d3_5.tif,/home/usr3/Data/EstradaDataset/Vineyard/Multispectral Images/leaf070d3_5.tif,True
272,blue,Vineyard/Multispectral Images\leaf072d3_1.tif,/home/usr3/Data/EstradaDataset/Vineyard/Multispectral Images/leaf072d3_1.tif,True
272,green,Vineyard/Multispectral Images\leaf072d3_2.tif,/home/usr3/Data/EstradaDataset/Vineyard/Multispectral Images/leaf072d3_2.tif,True
272,red,Vineyard/Multispectral Images\leaf072d3_3.tif,/home/usr3/Data/EstradaDataset/Vineyard/Multispectral Images/leaf072d3_3.tif,True
272,nir,Vineyard/Multispectral Images\leaf072d3_4.tif,/home/usr3/Data/EstradaDataset/Vineyard/Multispectral Images/leaf072d3_4.tif,True
272,red_edge,Vineyard/Multispectral Images\leaf072d3_5.tif,/home/usr3/Data/EstradaDataset/Vineyard/Multispectral Images/leaf072d3_5.tif,True
274,blue,Vineyard/Multispectral Images\leaf074d3_1.tif,/home/usr3/Data/EstradaDataset/Vineyard/Multispectral Images/leaf074d3_1.tif,True
274,green,Vineyard/Multispectral Images\leaf074d3_2.tif,/home/usr3/Data/EstradaDataset/Vineyard/Multispectral Images/leaf074d3_2.tif,True
274,red,Vineyard/Multispectral Images\leaf074d3_3.tif,/home/usr3/Data/EstradaDataset/Vineyard/Multispectral Images/leaf074d3_3.tif,True
274,nir,Vineyard/Multispectral Images\leaf074d3_4.tif,/home/usr3/Data/EstradaDataset/Vineyard/Multispectral Images/leaf074d3_4.tif,True
274,red_edge,Vineyard/Multispectral Images\leaf074d3_5.tif,/home/usr3/Data/EstradaDataset/Vineyard/Multispectral Images/leaf074d3_5.tif,True
282,blue,Vineyard/Multispectral Images\leaf091d3_1.tif,/home/usr3/Data/EstradaDataset/Vineyard/Multispectral Images/leaf091d3_1.tif,True
282,green,Vineyard/Multispectral Images\leaf091d3_2.tif,/home/usr3/Data/EstradaDataset/Vineyard/Multispectral Images/leaf091d3_2.tif,True
282,red,Vineyard/Multispectral Images\leaf091d3_3.tif,/home/usr3/Data/EstradaDataset/Vineyard/Multispectral Images/leaf091d3_3.tif,True
282,nir,Vineyard/Multispectral Images\leaf091d3_4.tif,/home/usr3/Data/EstradaDataset/Vineyard/Multispectral Images/leaf091d3_4.tif,True
282,red_edge,Vineyard/Multispectral Images\leaf091d3_5.tif,/home/usr3/Data/EstradaDataset/Vineyard/Multispectral Images/leaf091d3_5.tif,True
283,blue,Vineyard/Multispectral Images\leaf092d3_1.tif,/home/usr3/Data/EstradaDataset/Vineyard/Multispectral Images/leaf092d3_1.tif,True
283,green,Vineyard/Multispectral Images\leaf092d3_2.tif,/home/usr3/Data/EstradaDataset/Vineyard/Multispectral Images/leaf092d3_2.tif,True
283,red,Vineyard/Multispectral Images\leaf092d3_3.tif,/home/usr3/Data/EstradaDataset/Vineyard/Multispectral Images/leaf092d3_3.tif,True
283,nir,Vineyard/Multispectral Images\leaf092d3_4.tif,/home/usr3/Data/EstradaDataset/Vineyard/Multispectral Images/leaf092d3_4.tif,True
283,red_edge,Vineyard/Multispectral Images\leaf092d3_5.tif,/home/usr3/Data/EstradaDataset/Vineyard/Multispectral Images/leaf092d3_5.tif,True
284,blue,Vineyard/Multispectral Images\leaf094d3_1.tif,/home/usr3/Data/EstradaDataset/Vineyard/Multispectral Images/leaf094d3_1.tif,True
284,green,Vineyard/Multispectral Images\leaf094d3_2.tif,/home/usr3/Data/EstradaDataset/Vineyard/Multispectral Images/leaf094d3_2.tif,True
284,red,Vineyard/Multispectral Images\leaf094d3_3.tif,/home/usr3/Data/EstradaDataset/Vineyard/Multispectral Images/leaf094d3_3.tif,True
284,nir,Vineyard/Multispectral Images\leaf094d3_4.tif,/home/usr3/Data/EstradaDataset/Vineyard/Multispectral Images/leaf094d3_4.tif,True
284,red_edge,Vineyard/Multispectral Images\leaf094d3_5.tif,/home/usr3/Data/EstradaDataset/Vineyard/Multispectral Images/leaf094d3_5.tif,True
285,blue,Vineyard/Multispectral Images\leaf095d3_1.tif,/home/usr3/Data/EstradaDataset/Vineyard/Multispectral Images/leaf095d3_1.tif,True
285,green,Vineyard/Multispectral Images\leaf095d3_2.tif,/home/usr3/Data/EstradaDataset/Vineyard/Multispectral Images/leaf095d3_2.tif,True
285,red,Vineyard/Multispectral Images\leaf095d3_3.tif,/home/usr3/Data/EstradaDataset/Vineyard/Multispectral Images/leaf095d3_3.tif,True
285,nir,Vineyard/Multispectral Images\leaf095d3_4.tif,/home/usr3/Data/EstradaDataset/Vineyard/Multispectral Images/leaf095d3_4.tif,True
285,red_edge,Vineyard/Multispectral Images\leaf095d3_5.tif,/home/usr3/Data/EstradaDataset/Vineyard/Multispectral Images/leaf095d3_5.tif,True
288,blue,Vineyard/Multispectral Images\leaf098d3_1.tif,/home/usr3/Data/EstradaDataset/Vineyard/Multispectral Images/leaf098d3_1.tif,True
288,green,Vineyard/Multispectral Images\leaf098d3_2.tif,/home/usr3/Data/EstradaDataset/Vineyard/Multispectral Images/leaf098d3_2.tif,True
288,red,Vineyard/Multispectral Images\leaf098d3_3.tif,/home/usr3/Data/EstradaDataset/Vineyard/Multispectral Images/leaf098d3_3.tif,True
288,nir,Vineyard/Multispectral Images\leaf098d3_4.tif,/home/usr3/Data/EstradaDataset/Vineyard/Multispectral Images/leaf098d3_4.tif,True
288,red_edge,Vineyard/Multispectral Images\leaf098d3_5.tif,/home/usr3/Data/EstradaDataset/Vineyard/Multispectral Images/leaf098d3_5.tif,True
291,blue,Vineyard/Multispectral Images\leaf102d3_1.tif,/home/usr3/Data/EstradaDataset/Vineyard/Multispectral Images/leaf102d3_1.tif,True
291,green,Vineyard/Multispectral Images\leaf102d3_2.tif,/home/usr3/Data/EstradaDataset/Vineyard/Multispectral Images/leaf102d3_2.tif,True
291,red,Vineyard/Multispectral Images\leaf102d3_3.tif,/home/usr3/Data/EstradaDataset/Vineyard/Multispectral Images/leaf102d3_3.tif,True
291,nir,Vineyard/Multispectral Images\leaf102d3_4.tif,/home/usr3/Data/EstradaDataset/Vineyard/Multispectral Images/leaf102d3_4.tif,True
291,red_edge,Vineyard/Multispectral Images\leaf102d3_5.tif,/home/usr3/Data/EstradaDataset/Vineyard/Multispectral Images/leaf102d3_5.tif,True
294,blue,Vineyard/Multispectral Images\leaf002d4_1.tif,/home/usr3/Data/EstradaDataset/Vineyard/Multispectral Images/leaf002d4_1.tif,True
294,green,Vineyard/Multispectral Images\leaf002d4_2.tif,/home/usr3/Data/EstradaDataset/Vineyard/Multispectral Images/leaf002d4_2.tif,True
294,red,Vineyard/Multispectral Images\leaf002d4_3.tif,/home/usr3/Data/EstradaDataset/Vineyard/Multispectral Images/leaf002d4_3.tif,True
294,nir,Vineyard/Multispectral Images\leaf002d4_4.tif,/home/usr3/Data/EstradaDataset/Vineyard/Multispectral Images/leaf002d4_4.tif,True
294,red_edge,Vineyard/Multispectral Images\leaf002d4_5.tif,/home/usr3/Data/EstradaDataset/Vineyard/Multispectral Images/leaf002d4_5.tif,True
298,blue,Vineyard/Multispectral Images\leaf008d4_1.tif,/home/usr3/Data/EstradaDataset/Vineyard/Multispectral Images/leaf008d4_1.tif,True
298,green,Vineyard/Multispectral Images\leaf008d4_2.tif,/home/usr3/Data/EstradaDataset/Vineyard/Multispectral Images/leaf008d4_2.tif,True
298,red,Vineyard/Multispectral Images\leaf008d4_3.tif,/home/usr3/Data/EstradaDataset/Vineyard/Multispectral Images/leaf008d4_3.tif,True
298,nir,Vineyard/Multispectral Images\leaf008d4_4.tif,/home/usr3/Data/EstradaDataset/Vineyard/Multispectral Images/leaf008d4_4.tif,True
298,red_edge,Vineyard/Multispectral Images\leaf008d4_5.tif,/home/usr3/Data/EstradaDataset/Vineyard/Multispectral Images/leaf008d4_5.tif,True
311,blue,Vineyard/Multispectral Images\leaf025d4_1.tif,/home/usr3/Data/EstradaDataset/Vineyard/Multispectral Images/leaf025d4_1.tif,True
311,green,Vineyard/Multispectral Images\leaf025d4_2.tif,/home/usr3/Data/EstradaDataset/Vineyard/Multispectral Images/leaf025d4_2.tif,True
311,red,Vineyard/Multispectral Images\leaf025d4_3.tif,/home/usr3/Data/EstradaDataset/Vineyard/Multispectral Images/leaf025d4_3.tif,True
311,nir,Vineyard/Multispectral Images\leaf025d4_4.tif,/home/usr3/Data/EstradaDataset/Vineyard/Multispectral Images/leaf025d4_4.tif,True
311,red_edge,Vineyard/Multispectral Images\leaf025d4_5.tif,/home/usr3/Data/EstradaDataset/Vineyard/Multispectral Images/leaf025d4_5.tif,True
327,blue,Vineyard/Multispectral Images\leaf050d4_1.tif,/home/usr3/Data/EstradaDataset/Vineyard/Multispectral Images/leaf050d4_1.tif,True
327,green,Vineyard/Multispectral Images\leaf050d4_2.tif,/home/usr3/Data/EstradaDataset/Vineyard/Multispectral Images/leaf050d4_2.tif,True
327,red,Vineyard/Multispectral Images\leaf050d4_3.tif,/home/usr3/Data/EstradaDataset/Vineyard/Multispectral Images/leaf050d4_3.tif,True
327,nir,Vineyard/Multispectral Images\leaf050d4_4.tif,/home/usr3/Data/EstradaDataset/Vineyard/Multispectral Images/leaf050d4_4.tif,True
327,red_edge,Vineyard/Multispectral Images\leaf050d4_5.tif,/home/usr3/Data/EstradaDataset/Vineyard/Multispectral Images/leaf050d4_5.tif,True
332,blue,Vineyard/Multispectral Images\leaf055d4_1.tif,/home/usr3/Data/EstradaDataset/Vineyard/Multispectral Images/leaf055d4_1.tif,True
332,green,Vineyard/Multispectral Images\leaf055d4_2.tif,/home/usr3/Data/EstradaDataset/Vineyard/Multispectral Images/leaf055d4_2.tif,True
332,red,Vineyard/Multispectral Images\leaf055d4_3.tif,/home/usr3/Data/EstradaDataset/Vineyard/Multispectral Images/leaf055d4_3.tif,True
332,nir,Vineyard/Multispectral Images\leaf055d4_4.tif,/home/usr3/Data/EstradaDataset/Vineyard/Multispectral Images/leaf055d4_4.tif,True
332,red_edge,Vineyard/Multispectral Images\leaf055d4_5.tif,/home/usr3/Data/EstradaDataset/Vineyard/Multispectral Images/leaf055d4_5.tif,True
339,blue,Vineyard/Multispectral Images\leaf062d4_1.tif,/home/usr3/Data/EstradaDataset/Vineyard/Multispectral Images/leaf062d4_1.tif,True
339,green,Vineyard/Multispectral Images\leaf062d4_2.tif,/home/usr3/Data/EstradaDataset/Vineyard/Multispectral Images/leaf062d4_2.tif,True
339,red,Vineyard/Multispectral Images\leaf062d4_3.tif,/home/usr3/Data/EstradaDataset/Vineyard/Multispectral Images/leaf062d4_3.tif,True
339,nir,Vineyard/Multispectral Images\leaf062d4_4.tif,/home/usr3/Data/EstradaDataset/Vineyard/Multispectral Images/leaf062d4_4.tif,True
339,red_edge,Vineyard/Multispectral Images\leaf062d4_5.tif,/home/usr3/Data/EstradaDataset/Vineyard/Multispectral Images/leaf062d4_5.tif,True
356,blue,Vineyard/Multispectral Images\leaf092d4_1.tif,/home/usr3/Data/EstradaDataset/Vineyard/Multispectral Images/leaf092d4_1.tif,True
356,green,Vineyard/Multispectral Images\leaf092d4_2.tif,/home/usr3/Data/EstradaDataset/Vineyard/Multispectral Images/leaf092d4_2.tif,True
356,red,Vineyard/Multispectral Images\leaf092d4_3.tif,/home/usr3/Data/EstradaDataset/Vineyard/Multispectral Images/leaf092d4_3.tif,True
356,nir,Vineyard/Multispectral Images\leaf092d4_4.tif,/home/usr3/Data/EstradaDataset/Vineyard/Multispectral Images/leaf092d4_4.tif,True
356,red_edge,Vineyard/Multispectral Images\leaf092d4_5.tif,/home/usr3/Data/EstradaDataset/Vineyard/Multispectral Images/leaf092d4_5.tif,True
