row_index,parse_ok,length,finite_count,nonfinite_count,min,max,mean,split
0,True,2151,2151,0,0.04,1.076,0.44416782891678286,original
1,True,2151,2151,0,0.033,1.019,0.4335034867503486,original
2,True,2151,2151,0,0.037,1.04,0.4358177591817759,original
3,True,2151,2151,0,0.047,0.998,0.4265620641562064,original
4,True,2151,2151,0,0.05,1.04,0.45248210134821015,original
5,True,2151,2151,0,0.043,1.006,0.4341422594142259,original
6,True,2151,2151,0,0.03,0.923,0.42142398884239884,original
7,True,2151,2151,0,0.034,0.946,0.4031352859135286,original
8,True,2151,2151,0,0.049,0.955,0.45080195258019523,original
9,True,2151,2151,0,0.035,0.972,0.43135006973500695,original
10,True,2151,2151,0,0.052,0.992,0.4745597396559739,original
11,True,2151,2151,0,0.032,0.961,0.4005178986517899,original
12,True,2151,2151,0,0.049,0.989,0.4543142724314272,original
13,True,2151,2151,0,0.046,1.001,0.4400804277080428,original
14,True,2151,2151,0,0.038,1.032,0.437882380288238,original
15,True,2151,2151,0,0.027,1.028,0.43083589028358904,original
16,True,2151,2151,0,0.037,1.041,0.45377963737796373,original
17,True,2151,2151,0,0.04,0.991,0.42185262668526263,original
18,True,2151,2151,0,0.04,0.93,0.4209595536959554,original
19,True,2151,2151,0,0.043,0.902,0.38376940957694095,original
20,True,2151,2151,0,0.038,0.921,0.39765736866573687,original
21,True,2151,2151,0,0.039,0.932,0.41746490004649006,original
22,True,2151,2151,0,0.036,0.919,0.411787540678754,original
23,True,2151,2151,0,0.047,0.904,0.4115746164574617,original
24,True,2151,2151,0,0.042,0.924,0.42106834030683404,original
25,True,2151,2151,0,0.037,0.937,0.4203626220362622,original
26,True,2151,2151,0,0.043,0.947,0.42959135285913524,original
27,True,2151,2151,0,0.047,0.897,0.41681682938168296,original
28,True,2151,2151,0,0.051,0.951,0.4160934449093445,original
29,True,2151,2151,0,0.039,0.902,0.3786290097629009,original
30,True,2151,2151,0,0.039,0.958,0.42854951185495116,original
31,True,2151,2151,0,0.042,0.918,0.3971143654114365,original
32,True,2151,2151,0,0.044,0.95,0.42929986052998603,original
33,True,2151,2151,0,0.059,0.954,0.45537331473733145,original
34,True,2151,2151,0,0.031,0.951,0.41002789400278944,original
35,True,2151,2151,0,0.033,0.93,0.40032821943282193,original
36,True,2151,2151,0,0.033,0.943,0.3923970246397025,original
37,True,2151,2151,0,0.036,0.979,0.43924081822408184,original
38,True,2151,2151,0,0.034,0.905,0.3932212924221292,original
39,True,2151,2151,0,0.036,0.947,0.4167178056717806,original
40,True,2151,2151,0,0.04,0.947,0.4030994886099489,original
41,True,2151,2151,0,0.038,0.935,0.40685960018596,original
42,True,2151,2151,0,0.044,0.954,0.42472849837284976,original
43,True,2151,2151,0,0.032,0.941,0.40200464900046484,original
44,True,2151,2151,0,0.039,0.971,0.4205188284518828,original
45,True,2151,2151,0,0.043,0.927,0.38712412831241283,original
46,True,2151,2151,0,0.041,0.944,0.39029009762900985,original
47,True,2151,2151,0,0.03,0.899,0.38006648070664806,original
48,True,2151,2151,0,0.042,0.942,0.44087819618781965,original
49,True,2151,2151,0,0.039,0.98,0.4349841933984193,original
50,True,2151,2151,0,0.046,0.995,0.46938679683867973,original
51,True,2151,2151,0,0.038,0.963,0.43335332403533244,original
52,True,2151,2151,0,0.049,0.998,0.47000371920037187,original
53,True,2151,2151,0,0.043,0.889,0.38341841004184096,original
54,True,2151,2151,0,0.042,0.936,0.4142352394235239,original
55,True,2151,2151,0,0.041,0.907,0.40474291027429105,original
56,True,2151,2151,0,0.04,0.885,0.390209669920967,original
57,True,2151,2151,0,0.036,0.856,0.36357368665736867,original
58,True,2151,2151,0,0.037,0.872,0.3835062761506276,original
59,True,2151,2151,0,0.031,0.946,0.41609716410971637,original
60,True,2151,2151,0,0.042,0.952,0.41923988842398885,original
61,True,2151,2151,0,0.039,1.029,0.4352105997210599,original
62,True,2151,2151,0,0.027,0.968,0.41632728963272897,original
63,True,2151,2151,0,0.04,0.917,0.3928544862854486,original
64,True,2151,2151,0,0.037,0.961,0.4061841004184101,original
65,True,2151,2151,0,0.035,0.98,0.4424602510460251,original
66,True,2151,2151,0,0.037,0.954,0.42054672245467223,original
67,True,2151,2151,0,0.039,1.029,0.4352105997210599,original
68,True,2151,2151,0,0.037,1.041,0.4429642026964203,original
69,True,2151,2151,0,0.027,0.968,0.41632728963272897,original
70,True,2151,2151,0,0.04,0.917,0.3928544862854486,original
71,True,2151,2151,0,0.037,0.961,0.4061841004184101,original
72,True,2151,2151,0,0.035,0.98,0.4424602510460251,original
73,True,2151,2151,0,0.06,1.048,0.46807996280799624,original
74,True,2151,2151,0,0.034,0.954,0.4346345885634589,original
75,True,2151,2151,0,0.079,0.966,0.4639456066945607,original
76,True,2151,2151,0,0.061,1.038,0.4556043700604371,original
77,True,2151,2151,0,0.055,1.022,0.47032589493258947,original
78,True,2151,2151,0,0.06,1.034,0.46858856345885636,original
79,True,2151,2151,0,0.043,0.912,0.43122640632264064,original
80,True,2151,2151,0,0.036,0.967,0.4395941422594141,original
81,True,2151,2151,0,0.068,0.973,0.49478521617852167,original
82,True,2151,2151,0,0.055,0.961,0.4544328219432822,original
83,True,2151,2151,0,0.067,0.961,0.48171734077173406,original
84,True,2151,2151,0,0.041,0.949,0.4390427708042771,original
85,True,2151,2151,0,0.06,0.982,0.4810525337052533,original
86,True,2151,2151,0,0.051,1.0,0.46884332868433287,original
87,True,2151,2151,0,0.036,1.004,0.4297136215713621,original
88,True,2151,2151,0,0.046,0.99,0.4595574151557415,original
89,True,2151,2151,0,0.054,0.993,0.45390144119014414,original
90,True,2151,2151,0,0.041,0.975,0.43653742445374244,original
91,True,2151,2151,0,0.07,0.98,0.4902854486285449,original
92,True,2151,2151,0,0.067,0.949,0.4447949790794979,original
93,True,2151,2151,0,0.067,0.982,0.46993305439330546,original
94,True,2151,2151,0,0.06,0.982,0.4594300325430033,original
95,True,2151,2151,0,0.057,0.968,0.4662026964202696,original
96,True,2151,2151,0,0.068,0.957,0.4726420269642027,original
97,True,2151,2151,0,0.068,0.965,0.4730813575081358,original
98,True,2151,2151,0,0.052,0.974,0.4599163179916318,original
99,True,2151,2151,0,0.058,0.931,0.4258568107856811,original
100,True,2151,2151,0,0.066,0.95,0.4520185960018596,original
101,True,2151,2151,0,0.052,0.973,0.4532677824267783,original
102,True,2151,2151,0,0.054,0.979,0.4366978149697815,original
103,True,2151,2151,0,0.055,0.945,0.4410887959088796,original
104,True,2151,2151,0,0.064,0.996,0.4823747094374709,original
105,True,2151,2151,0,0.057,0.957,0.45286378428637836,original
106,True,2151,2151,0,0.05,0.982,0.47691445839144586,original
107,True,2151,2151,0,0.045,0.967,0.4185323105532311,original
108,True,2151,2151,0,0.036,0.972,0.42450116225011625,original
109,True,2151,2151,0,0.038,0.94,0.4044128312412831,original
110,True,2151,2151,0,0.05,0.966,0.44449465364946533,original
111,True,2151,2151,0,0.055,0.961,0.4570539284053929,original
112,True,2151,2151,0,0.041,0.975,0.4340980939098094,original
113,True,2151,2151,0,0.042,0.951,0.4185987912598791,original
114,True,2151,2151,0,0.048,0.962,0.4321961878196187,original
115,True,2151,2151,0,0.055,0.964,0.4639386331938633,original
116,True,2151,2151,0,0.038,0.961,0.41640074384007436,original
117,True,2151,2151,0,0.048,1.007,0.47769502556950255,original
118,True,2151,2151,0,0.035,0.961,0.40574988377498833,original
119,True,2151,2151,0,0.046,0.945,0.4121757322175732,original
120,True,2151,2151,0,0.031,0.922,0.40608135750813573,original
121,True,2151,2151,0,0.058,0.987,0.47136169223616925,original
122,True,2151,2151,0,0.051,0.956,0.4414546722454672,original
123,True,2151,2151,0,0.053,1.004,0.4731947931194793,original
124,True,2151,2151,0,0.052,0.964,0.4496717805671781,original
125,True,2151,2151,0,0.059,0.979,0.4741585309158531,original
126,True,2151,2151,0,0.047,0.974,0.42818224081822415,original
127,True,2151,2151,0,0.054,1.041,0.47976243607624364,original
128,True,2151,2151,0,0.045,1.01,0.4709874476987448,original
129,True,2151,2151,0,0.054,1.011,0.4685546257554626,original
130,True,2151,2151,0,0.035,1.008,0.4435216178521617,original
131,True,2151,2151,0,0.047,1.016,0.4716573686657369,original
132,True,2151,2151,0,0.048,1.008,0.4695746164574616,original
133,True,2151,2151,0,0.046,0.96,0.4308591352859135,original
134,True,2151,2151,0,0.034,0.993,0.4486178521617852,original
135,True,2151,2151,0,0.039,0.996,0.45527429102742906,original
136,True,2151,2151,0,0.051,0.955,0.4277759181775918,original
137,True,2151,2151,0,0.054,0.986,0.4343900511390051,original
138,True,2151,2151,0,0.04,1.003,0.4561813110181311,original
139,True,2151,2151,0,0.047,0.995,0.4657577870757787,original
140,True,2151,2151,0,0.034,0.993,0.4486178521617852,original
141,True,2151,2151,0,0.042,1.025,0.45459414225941425,original
142,True,2151,2151,0,0.039,0.996,0.45527429102742906,original
143,True,2151,2151,0,0.051,0.955,0.4277759181775918,original
144,True,2151,2151,0,0.054,0.986,0.4343900511390051,original
145,True,2151,2151,0,0.04,1.003,0.4561813110181311,original
146,True,2151,2151,0,0.075,1.097,0.5074895397489539,original
147,True,2151,2151,0,0.063,1.004,0.47232775453277537,original
148,True,2151,2151,0,0.089,1.045,0.4986917712691772,original
149,True,2151,2151,0,0.076,1.108,0.5245648535564853,original
150,True,2151,2151,0,0.101,1.117,0.5324425848442585,original
151,True,2151,2151,0,0.084,1.073,0.5158321710832171,original
152,True,2151,2151,0,0.062,0.951,0.4589837284983728,original
153,True,2151,2151,0,0.059,1.01,0.4756806136680614,original
154,True,2151,2151,0,0.078,1.006,0.5489669920966992,original
155,True,2151,2151,0,0.072,1.001,0.49906648070664805,original
156,True,2151,2151,0,0.074,1.01,0.5381352859135285,original
157,True,2151,2151,0,0.062,0.999,0.46523988842398883,original
158,True,2151,2151,0,0.071,1.002,0.5374091120409112,original
159,True,2151,2151,0,0.062,0.989,0.45655044165504416,original
160,True,2151,2151,0,0.055,1.008,0.44458112505811254,original
161,True,2151,2151,0,0.065,1.052,0.4972463970246397,original
162,True,2151,2151,0,0.06,1.003,0.4790990237099023,original
163,True,2151,2151,0,0.042,0.95,0.42246490004649,original
164,True,2151,2151,0,0.058,0.997,0.5000088331008834,original
165,True,2151,2151,0,0.062,1.032,0.5058400743840075,original
166,True,2151,2151,0,0.062,1.013,0.49355788005578805,original
167,True,2151,2151,0,0.062,1.021,0.5110706648070665,original
168,True,2151,2151,0,0.059,0.994,0.4775657833565784,original
169,True,2151,2151,0,0.066,0.973,0.47073175267317524,original
170,True,2151,2151,0,0.061,0.971,0.5049465364946537,original
171,True,2151,2151,0,0.068,1.033,0.49325848442584846,original
172,True,2151,2151,0,0.073,1.032,0.48854625755462566,original
173,True,2151,2151,0,0.082,1.024,0.5144072524407253,original
174,True,2151,2151,0,0.064,1.011,0.487417480241748,original
175,True,2151,2151,0,0.055,1.115,0.4875062761506276,original
176,True,2151,2151,0,0.076,1.155,0.5661571362157136,original
177,True,2151,2151,0,0.079,1.144,0.5592068805206881,original
178,True,2151,2151,0,0.078,1.128,0.5388033472803347,original
179,True,2151,2151,0,0.086,1.13,0.5640353324035332,original
180,True,2151,2151,0,0.046,0.992,0.44961413296141334,original
181,True,2151,2151,0,0.038,0.956,0.4399404927940493,original
182,True,2151,2151,0,0.037,0.939,0.41077917247791723,original
183,True,2151,2151,0,0.055,0.963,0.47093770339377033,original
184,True,2151,2151,0,0.051,0.943,0.4606429567642957,original
185,True,2151,2151,0,0.051,0.958,0.43864993026499305,original
186,True,2151,2151,0,0.057,0.945,0.43027986982798694,original
187,True,2151,2151,0,0.066,1.003,0.4726420269642027,original
188,True,2151,2151,0,0.066,0.998,0.49321850302185033,original
189,True,2151,2151,0,0.046,1.002,0.4358242677824267,original
190,True,2151,2151,0,0.052,1.006,0.46746211064621107,original
191,True,2151,2151,0,0.055,1.035,0.45447140864714086,original
192,True,2151,2151,0,0.055,1.008,0.44982426778242685,original
193,True,2151,2151,0,0.059,1.001,0.45683077638307773,original
194,True,2151,2151,0,0.064,0.992,0.5011199442119945,original
195,True,2151,2151,0,0.061,1.022,0.49489539748953976,original
196,True,2151,2151,0,0.057,1.0,0.4794941887494189,original
197,True,2151,2151,0,0.061,0.973,0.4838596001859601,original
198,True,2151,2151,0,0.062,1.0,0.5169623430962343,original
199,True,2151,2151,0,0.052,0.946,0.4285364946536495,original
200,True,2151,2151,0,0.057,1.039,0.49515806601580664,original
201,True,2151,2151,0,0.064,0.988,0.4857601115760111,original
202,True,2151,2151,0,0.059,1.009,0.4819623430962343,original
203,True,2151,2151,0,0.048,0.996,0.4617047884704788,original
204,True,2151,2151,0,0.059,1.001,0.4876815434681543,original
205,True,2151,2151,0,0.058,0.948,0.4767452347745235,original
206,True,2151,2151,0,0.061,0.97,0.4550041841004184,original
207,True,2151,2151,0,0.047,1.063,0.49100232450023246,original
208,True,2151,2151,0,0.05,1.032,0.48566573686657366,original
209,True,2151,2151,0,0.06,0.975,0.44419200371920037,original
210,True,2151,2151,0,0.055,0.999,0.4517094374709437,original
211,True,2151,2151,0,0.056,1.006,0.49274337517433753,original
212,True,2151,2151,0,0.062,1.054,0.5200032543003255,original
213,True,2151,2151,0,0.047,1.063,0.49100232450023246,original
214,True,2151,2151,0,0.053,1.016,0.46741097164109713,original
215,True,2151,2151,0,0.05,1.032,0.48566573686657366,original
216,True,2151,2151,0,0.06,0.975,0.44419200371920037,original
217,True,2151,2151,0,0.055,0.999,0.4517094374709437,original
218,True,2151,2151,0,0.056,1.006,0.49274337517433753,original
219,True,2151,2151,0,0.098,1.081,0.5284453742445375,original
220,True,2151,2151,0,0.069,0.957,0.46630543933054397,original
221,True,2151,2151,0,0.113,1.005,0.5171064621106461,original
222,True,2151,2151,0,0.087,1.021,0.5141408647140865,original
223,True,2151,2151,0,0.091,1.001,0.5261659693165969,original
224,True,2151,2151,0,0.097,1.03,0.5427503486750349,original
225,True,2151,2151,0,0.057,0.993,0.5009516503951651,original
226,True,2151,2151,0,0.074,1.007,0.49259507205950726,original
227,True,2151,2151,0,0.058,0.985,0.606139470013947,original
228,True,2151,2151,0,0.062,1.007,0.531840539284054,original
229,True,2151,2151,0,0.055,0.989,0.6075206880520688,original
230,True,2151,2151,0,0.068,0.985,0.49120083682008375,original
231,True,2151,2151,0,0.066,1.037,0.643999070199907,original
232,True,2151,2151,0,0.06,1.037,0.533185960018596,original
233,True,2151,2151,0,0.074,1.086,0.5107354718735473,original
234,True,2151,2151,0,0.047,1.052,0.5432254765225477,original
235,True,2151,2151,0,0.049,1.018,0.6051580660158066,original
236,True,2151,2151,0,0.054,1.036,0.4648005578800558,original
237,True,2151,2151,0,0.062,0.934,0.481513249651325,original
238,True,2151,2151,0,0.064,0.912,0.4593421664342166,original
239,True,2151,2151,0,0.055,0.912,0.4427294281729428,original
240,True,2151,2151,0,0.057,0.925,0.45517712691771267,original
241,True,2151,2151,0,0.058,0.912,0.449117619711762,original
242,True,2151,2151,0,0.051,0.894,0.4608321710832171,original
243,True,2151,2151,0,0.046,0.9,0.481837749883775,original
244,True,2151,2151,0,0.069,1.003,0.4909642026964202,original
245,True,2151,2151,0,0.064,0.976,0.48472524407252443,original
246,True,2151,2151,0,0.054,0.94,0.5012064156206416,original
247,True,2151,2151,0,0.073,1.016,0.5031794514179451,original
248,True,2151,2151,0,0.066,0.985,0.44983077638307767,original
249,True,2151,2151,0,0.073,1.013,0.514718270571827,original
250,True,2151,2151,0,0.07,0.996,0.5058489074848908,original
251,True,2151,2151,0,0.073,1.04,0.5336954904695491,original
252,True,2151,2151,0,0.074,1.029,0.5435443979544398,original
253,True,2151,2151,0,0.046,1.054,0.4902282659228265,original
254,True,2151,2151,0,0.062,1.002,0.46607903300790327,original
255,True,2151,2151,0,0.05,0.998,0.45425987912598786,original
256,True,2151,2151,0,0.051,1.042,0.5284258484425849,original
257,True,2151,2151,0,0.052,0.994,0.5339005113900511,original
258,True,2151,2151,0,0.053,0.992,0.4845299860529986,original
259,True,2151,2151,0,0.052,1.033,0.4779195722919572,original
260,True,2151,2151,0,0.073,0.996,0.4804700139470014,original
261,True,2151,2151,0,0.068,0.99,0.5164500232450023,original
262,True,2151,2151,0,0.051,0.985,0.45362064156206416,original
263,True,2151,2151,0,0.065,1.031,0.5025722919572292,original
264,True,2151,2151,0,0.051,0.926,0.41711343561134356,original
265,True,2151,2151,0,0.071,0.995,0.46498279869827985,original
266,True,2151,2151,0,0.064,0.986,0.47053881915388185,original
267,True,2151,2151,0,0.069,1.015,0.5555546257554625,original
268,True,2151,2151,0,0.075,0.998,0.5132380288238029,original
269,True,2151,2151,0,0.058,0.999,0.5224635053463506,original
270,True,2151,2151,0,0.06,0.97,0.5190906555090655,original
271,True,2151,2151,0,0.057,1.022,0.5614769874476988,original
272,True,2151,2151,0,0.049,0.91,0.4208354253835425,original
273,True,2151,2151,0,0.052,0.992,0.48080660158066013,original
274,True,2151,2151,0,0.05,0.93,0.4505550906555091,original
275,True,2151,2151,0,0.053,0.956,0.47040120874012087,original
276,True,2151,2151,0,0.049,0.899,0.41466248256624827,original
277,True,2151,2151,0,0.058,0.957,0.4848275220827522,original
278,True,2151,2151,0,0.059,0.939,0.48985727568572757,original
279,True,2151,2151,0,0.062,0.905,0.440721059972106,original
280,True,2151,2151,0,0.068,0.945,0.44929753602975364,original
281,True,2151,2151,0,0.062,0.886,0.4229167828916783,original
282,True,2151,2151,0,0.056,0.929,0.46537889353788936,original
283,True,2151,2151,0,0.054,0.95,0.5587331473733148,original
284,True,2151,2151,0,0.06,0.93,0.44510692701069265,original
285,True,2151,2151,0,0.054,0.96,0.5047117619711762,original
286,True,2151,2151,0,0.068,0.945,0.44929753602975364,original
287,True,2151,2151,0,0.059,0.939,0.48985727568572757,original
288,True,2151,2151,0,0.062,0.886,0.4229167828916783,original
289,True,2151,2151,0,0.056,0.929,0.46537889353788936,original
290,True,2151,2151,0,0.054,0.95,0.5587331473733148,original
291,True,2151,2151,0,0.06,0.93,0.44510692701069265,original
292,True,2151,2151,0,0.087,1.002,0.571885169688517,original
293,True,2151,2151,0,0.095,1.0,0.5892947466294747,original
294,True,2151,2151,0,0.11,1.087,0.6128981868898187,original
295,True,2151,2151,0,0.104,1.127,0.6445067410506742,original
296,True,2151,2151,0,0.105,1.066,0.6411483031148304,original
297,True,2151,2151,0,0.091,0.982,0.5686717805671782,original
298,True,2151,2151,0,0.062,0.884,0.4985797303579731,original
299,True,2151,2151,0,0.057,0.872,0.5214760576476057,original
300,True,2151,2151,0,0.067,0.935,0.5962575546257555,original
301,True,2151,2151,0,0.049,0.895,0.5457787075778707,original
302,True,2151,2151,0,0.06,0.894,0.5565750813575081,original
303,True,2151,2151,0,0.057,0.834,0.4957359367735937,original
304,True,2151,2151,0,0.056,0.907,0.5669818688981869,original
305,True,2151,2151,0,0.054,0.973,0.5478953974895399,original
306,True,2151,2151,0,0.077,0.978,0.5416634123663412,original
307,True,2151,2151,0,0.049,1.014,0.5445281264528127,original
308,True,2151,2151,0,0.071,0.995,0.5776722454672245,original
309,True,2151,2151,0,0.053,0.924,0.5166662017666201,original
310,True,2151,2151,0,0.049,0.978,0.5941952580195258,original
311,True,2151,2151,0,0.05,0.918,0.5412882380288239,original
312,True,2151,2151,0,0.05,0.923,0.5299135285913529,original
313,True,2151,2151,0,0.046,0.928,0.5277610413761041,original
314,True,2151,2151,0,0.044,0.922,0.5458052068805207,original
315,True,2151,2151,0,0.054,0.928,0.537115760111576,original
316,True,2151,2151,0,0.055,0.988,0.5865718270571827,original
317,True,2151,2151,0,0.056,1.024,0.5781199442119944,original
318,True,2151,2151,0,0.062,1.01,0.5668335657833565,original
319,True,2151,2151,0,0.054,0.956,0.5414890748489074,original
320,True,2151,2151,0,0.063,1.009,0.5830878661087866,original
321,True,2151,2151,0,0.084,0.959,0.5432900976290097,original
322,True,2151,2151,0,0.065,0.966,0.5992287308228731,original
323,True,2151,2151,0,0.076,0.952,0.5687703393770339,original
324,True,2151,2151,0,0.073,0.963,0.5878530915853092,original
325,True,2151,2151,0,0.05,0.95,0.5740097629009763,original
326,True,2151,2151,0,0.07,0.955,0.5470678754067875,original
327,True,2151,2151,0,0.048,0.928,0.5266438865643888,original
328,True,2151,2151,0,0.115,0.913,0.5694053928405394,original
329,True,2151,2151,0,0.054,0.953,0.5707568572756857,original
330,True,2151,2151,0,0.074,0.965,0.6049321245932126,original
331,True,2151,2151,0,0.063,0.969,0.5700571827057183,original
332,True,2151,2151,0,0.069,0.878,0.5219232914923292,original
333,True,2151,2151,0,0.063,0.98,0.6041125058112505,original
334,True,2151,2151,0,0.044,0.957,0.5721557415155741,original
335,True,2151,2151,0,0.049,0.948,0.5403663412366341,original
336,True,2151,2151,0,0.053,0.931,0.5631682938168294,original
337,True,2151,2151,0,0.084,0.916,0.5535062761506276,original
338,True,2151,2151,0,0.07,0.99,0.5762845188284519,original
339,True,2151,2151,0,0.061,0.938,0.5485006973500698,original
340,True,2151,2151,0,0.079,0.995,0.631679218967922,original
341,True,2151,2151,0,0.071,0.983,0.6099753602975361,original
342,True,2151,2151,0,0.081,1.012,0.6252691771269177,original
343,True,2151,2151,0,0.054,0.955,0.5925183635518364,original
344,True,2151,2151,0,0.067,1.012,0.6334444444444445,original
345,True,2151,2151,0,0.096,0.91,0.5518205485820548,original
346,True,2151,2151,0,0.065,0.933,0.5465011622501161,original
347,True,2151,2151,0,0.063,0.934,0.53943840074384,original
348,True,2151,2151,0,0.064,0.926,0.5478344955834494,original
349,True,2151,2151,0,0.113,0.935,0.5720139470013947,original
350,True,2151,2151,0,0.066,0.927,0.5473589028358903,original
351,True,2151,2151,0,0.081,1.004,0.6392468619246862,original
352,True,2151,2151,0,0.072,1.021,0.5947503486750348,original
353,True,2151,2151,0,0.043,0.941,0.5494430497443049,original
354,True,2151,2151,0,0.055,0.916,0.53746490004649,original
355,True,2151,2151,0,0.113,0.949,0.5878117154811716,original
356,True,2151,2151,0,0.05,0.969,0.5621687587168759,original
357,True,2151,2151,0,0.059,0.94,0.6042617387261738,original
358,True,2151,2151,0,0.047,0.953,0.5761729428172944,original
359,True,2151,2151,0,0.043,0.941,0.5494430497443049,original
360,True,2151,2151,0,0.063,0.938,0.547564388656439,original
361,True,2151,2151,0,0.055,0.916,0.53746490004649,original
362,True,2151,2151,0,0.113,0.949,0.5878117154811716,original
363,True,2151,2151,0,0.05,0.969,0.5621687587168759,original
364,True,2151,2151,0,0.059,0.94,0.6042617387261738,original
0,True,2151,2151,0,0.04,1.076,0.44416782891678286,balanced
4,True,2151,2151,0,0.05,1.04,0.45248210134821015,balanced
6,True,2151,2151,0,0.03,0.923,0.42142398884239884,balanced
7,True,2151,2151,0,0.034,0.946,0.4031352859135286,balanced
8,True,2151,2151,0,0.049,0.955,0.45080195258019523,balanced
9,True,2151,2151,0,0.035,0.972,0.43135006973500695,balanced
13,True,2151,2151,0,0.046,1.001,0.4400804277080428,balanced
14,True,2151,2151,0,0.038,1.032,0.437882380288238,balanced
15,True,2151,2151,0,0.027,1.028,0.43083589028358904,balanced
18,True,2151,2151,0,0.04,0.93,0.4209595536959554,balanced
20,True,2151,2151,0,0.038,0.921,0.39765736866573687,balanced
22,True,2151,2151,0,0.036,0.919,0.411787540678754,balanced
23,True,2151,2151,0,0.047,0.904,0.4115746164574617,balanced
24,True,2151,2151,0,0.042,0.924,0.42106834030683404,balanced
27,True,2151,2151,0,0.047,0.897,0.41681682938168296,balanced
28,True,2151,2151,0,0.051,0.951,0.4160934449093445,balanced
31,True,2151,2151,0,0.042,0.918,0.3971143654114365,balanced
32,True,2151,2151,0,0.044,0.95,0.42929986052998603,balanced
33,True,2151,2151,0,0.059,0.954,0.45537331473733145,balanced
34,True,2151,2151,0,0.031,0.951,0.41002789400278944,balanced
38,True,2151,2151,0,0.034,0.905,0.3932212924221292,balanced
42,True,2151,2151,0,0.044,0.954,0.42472849837284976,balanced
43,True,2151,2151,0,0.032,0.941,0.40200464900046484,balanced
44,True,2151,2151,0,0.039,0.971,0.4205188284518828,balanced
49,True,2151,2151,0,0.039,0.98,0.4349841933984193,balanced
50,True,2151,2151,0,0.046,0.995,0.46938679683867973,balanced
51,True,2151,2151,0,0.038,0.963,0.43335332403533244,balanced
52,True,2151,2151,0,0.049,0.998,0.47000371920037187,balanced
53,True,2151,2151,0,0.043,0.889,0.38341841004184096,balanced
54,True,2151,2151,0,0.042,0.936,0.4142352394235239,balanced
61,True,2151,2151,0,0.039,1.029,0.4352105997210599,balanced
65,True,2151,2151,0,0.035,0.98,0.4424602510460251,balanced
66,True,2151,2151,0,0.037,0.954,0.42054672245467223,balanced
69,True,2151,2151,0,0.027,0.968,0.41632728963272897,balanced
71,True,2151,2151,0,0.037,0.961,0.4061841004184101,balanced
72,True,2151,2151,0,0.035,0.98,0.4424602510460251,balanced
77,True,2151,2151,0,0.055,1.022,0.47032589493258947,balanced
78,True,2151,2151,0,0.06,1.034,0.46858856345885636,balanced
79,True,2151,2151,0,0.043,0.912,0.43122640632264064,balanced
80,True,2151,2151,0,0.036,0.967,0.4395941422594141,balanced
82,True,2151,2151,0,0.055,0.961,0.4544328219432822,balanced
90,True,2151,2151,0,0.041,0.975,0.43653742445374244,balanced
99,True,2151,2151,0,0.058,0.931,0.4258568107856811,balanced
103,True,2151,2151,0,0.055,0.945,0.4410887959088796,balanced
105,True,2151,2151,0,0.057,0.957,0.45286378428637836,balanced
106,True,2151,2151,0,0.05,0.982,0.47691445839144586,balanced
107,True,2151,2151,0,0.045,0.967,0.4185323105532311,balanced
108,True,2151,2151,0,0.036,0.972,0.42450116225011625,balanced
112,True,2151,2151,0,0.041,0.975,0.4340980939098094,balanced
115,True,2151,2151,0,0.055,0.964,0.4639386331938633,balanced
117,True,2151,2151,0,0.048,1.007,0.47769502556950255,balanced
120,True,2151,2151,0,0.031,0.922,0.40608135750813573,balanced
122,True,2151,2151,0,0.051,0.956,0.4414546722454672,balanced
128,True,2151,2151,0,0.045,1.01,0.4709874476987448,balanced
129,True,2151,2151,0,0.054,1.011,0.4685546257554626,balanced
134,True,2151,2151,0,0.034,0.993,0.4486178521617852,balanced
137,True,2151,2151,0,0.054,0.986,0.4343900511390051,balanced
138,True,2151,2151,0,0.04,1.003,0.4561813110181311,balanced
141,True,2151,2151,0,0.042,1.025,0.45459414225941425,balanced
144,True,2151,2151,0,0.054,0.986,0.4343900511390051,balanced
145,True,2151,2151,0,0.04,1.003,0.4561813110181311,balanced
147,True,2151,2151,0,0.063,1.004,0.47232775453277537,balanced
149,True,2151,2151,0,0.076,1.108,0.5245648535564853,balanced
152,True,2151,2151,0,0.062,0.951,0.4589837284983728,balanced
162,True,2151,2151,0,0.06,1.003,0.4790990237099023,balanced
169,True,2151,2151,0,0.066,0.973,0.47073175267317524,balanced
179,True,2151,2151,0,0.086,1.13,0.5640353324035332,balanced
181,True,2151,2151,0,0.038,0.956,0.4399404927940493,balanced
192,True,2151,2151,0,0.055,1.008,0.44982426778242685,balanced
196,True,2151,2151,0,0.057,1.0,0.4794941887494189,balanced
201,True,2151,2151,0,0.064,0.988,0.4857601115760111,balanced
205,True,2151,2151,0,0.058,0.948,0.4767452347745235,balanced
211,True,2151,2151,0,0.056,1.006,0.49274337517433753,balanced
213,True,2151,2151,0,0.047,1.063,0.49100232450023246,balanced
221,True,2151,2151,0,0.113,1.005,0.5171064621106461,balanced
225,True,2151,2151,0,0.057,0.993,0.5009516503951651,balanced
231,True,2151,2151,0,0.066,1.037,0.643999070199907,balanced
245,True,2151,2151,0,0.064,0.976,0.48472524407252443,balanced
253,True,2151,2151,0,0.046,1.054,0.4902282659228265,balanced
255,True,2151,2151,0,0.05,0.998,0.45425987912598786,balanced
257,True,2151,2151,0,0.052,0.994,0.5339005113900511,balanced
258,True,2151,2151,0,0.053,0.992,0.4845299860529986,balanced
267,True,2151,2151,0,0.069,1.015,0.5555546257554625,balanced
269,True,2151,2151,0,0.058,0.999,0.5224635053463506,balanced
271,True,2151,2151,0,0.057,1.022,0.5614769874476988,balanced
272,True,2151,2151,0,0.049,0.91,0.4208354253835425,balanced
274,True,2151,2151,0,0.05,0.93,0.4505550906555091,balanced
282,True,2151,2151,0,0.056,0.929,0.46537889353788936,balanced
283,True,2151,2151,0,0.054,0.95,0.5587331473733148,balanced
284,True,2151,2151,0,0.06,0.93,0.44510692701069265,balanced
285,True,2151,2151,0,0.054,0.96,0.5047117619711762,balanced
288,True,2151,2151,0,0.062,0.886,0.4229167828916783,balanced
291,True,2151,2151,0,0.06,0.93,0.44510692701069265,balanced
294,True,2151,2151,0,0.11,1.087,0.6128981868898187,balanced
298,True,2151,2151,0,0.062,0.884,0.4985797303579731,balanced
311,True,2151,2151,0,0.05,0.918,0.5412882380288239,balanced
327,True,2151,2151,0,0.048,0.928,0.5266438865643888,balanced
332,True,2151,2151,0,0.069,0.878,0.5219232914923292,balanced
339,True,2151,2151,0,0.061,0.938,0.5485006973500698,balanced
356,True,2151,2151,0,0.05,0.969,0.5621687587168759,balanced
