row,parse_ok,original_length,retained_length,min,max,mean
0,True,2151,2101,0.03799999877810478,0.8809999823570251,0.37981247901916504
1,True,2151,2101,0.04399999976158142,0.9010000228881836,0.38498812913894653
2,True,2151,2101,0.05700000002980232,0.949999988079071,0.44729939103126526
3,True,2151,2101,0.05999999865889549,0.8999999761581421,0.40489479899406433
4,True,2151,2101,0.04899999871850014,0.9539999961853027,0.41068586707115173
5,True,2151,2101,0.05400000140070915,0.9470000267028809,0.4358372092247009
6,True,2151,2101,0.052000001072883606,0.9390000104904175,0.4442341923713684
7,True,2151,2101,0.02500000037252903,0.8619999885559082,0.3759581446647644
8,True,2151,2101,0.03700000047683716,0.8970000147819519,0.3840695023536682
9,True,2151,2101,0.03999999910593033,0.9089999794960022,0.39670586585998535
10,True,2151,2101,0.04600000008940697,0.9409999847412109,0.4202532172203064
11,True,2151,2101,0.04399999976158142,0.8859999775886536,0.4013950228691101
12,True,2151,2101,0.04399999976158142,0.921999990940094,0.39748644828796387
13,True,2151,2101,0.035999998450279236,0.9369999766349792,0.38322654366493225
14,True,2151,2101,0.0560000017285347,0.9240000247955322,0.40680772066116333
15,True,2151,2101,0.0430000014603138,0.9089999794960022,0.39174532890319824
16,True,2151,2101,0.04699999839067459,0.9079999923706055,0.40511709451675415
17,True,2151,2101,0.04100000113248825,0.9200000166893005,0.3872351050376892
18,True,2151,2101,0.07699999958276749,0.8759999871253967,0.40798714756965637
19,True,2151,2101,0.03700000047683716,0.9200000166893005,0.38150453567504883
20,True,2151,2101,0.029999999329447746,0.8920000195503235,0.35759925842285156
21,True,2151,2101,0.06800000369548798,0.859000027179718,0.37234553694725037
22,True,2151,2101,0.08799999952316284,0.8529999852180481,0.3984459936618805
23,True,2151,2101,0.03999999910593033,0.8999999761581421,0.3835587799549103
24,True,2151,2101,0.03700000047683716,0.8740000128746033,0.34729984402656555
25,True,2151,2101,0.04899999871850014,0.9340000152587891,0.4003151059150696
26,True,2151,2101,0.04800000041723251,0.9470000267028809,0.4284840524196625
27,True,2151,2101,0.03700000047683716,0.8970000147819519,0.374619722366333
28,True,2151,2101,0.04399999976158142,1.0089999437332153,0.4298509955406189
29,True,2151,2101,0.04100000113248825,0.9300000071525574,0.3885883092880249
30,True,2151,2101,0.050999999046325684,0.9670000076293945,0.42707377672195435
31,True,2151,2101,0.05000000074505806,1.0219999551773071,0.44440314173698425
32,True,2151,2101,0.06499999761581421,0.9509999752044678,0.42394524812698364
33,True,2151,2101,0.03500000014901161,0.9769999980926514,0.4175516366958618
34,True,2151,2101,0.023000000044703484,0.9829999804496765,0.4023503065109253
35,True,2151,2101,0.04500000178813934,0.9369999766349792,0.3757786750793457
36,True,2151,2101,0.032999999821186066,0.9860000014305115,0.40095144510269165
37,True,2151,2101,0.04899999871850014,1.003000020980835,0.41822224855422974
38,True,2151,2101,0.024000000208616257,1.0180000066757202,0.4067244231700897
39,True,2151,2101,0.07599999755620956,0.9089999794960022,0.4017881751060486
40,True,2151,2101,0.07800000160932541,0.9629999995231628,0.4621866047382355
41,True,2151,2101,0.04100000113248825,0.9990000128746033,0.4580223858356476
42,True,2151,2101,0.07800000160932541,0.9660000205039978,0.43504762649536133
43,True,2151,2101,0.05700000002980232,0.9330000281333923,0.4225711524486542
44,True,2151,2101,0.07699999958276749,0.8880000114440918,0.3970257043838501
45,True,2151,2101,0.0860000029206276,0.8700000047683716,0.3979048430919647
46,True,2151,2101,0.052000001072883606,0.9380000233650208,0.39837172627449036
47,True,2151,2101,0.026000000536441803,0.9950000047683716,0.4072851240634918
48,True,2151,2101,0.04100000113248825,0.8999999761581421,0.3723208010196686
49,True,2151,2101,0.028999999165534973,0.8799999952316284,0.35949358344078064
50,True,2151,2101,0.03099999949336052,0.9679999947547913,0.4258648455142975
51,True,2151,2101,0.06400000303983688,1.0089999437332153,0.43018752336502075
52,True,2151,2101,0.035999998450279236,0.9399999976158142,0.4008086621761322
53,True,2151,2101,0.04899999871850014,0.9409999847412109,0.3923136591911316
54,True,2151,2101,0.026000000536441803,0.9959999918937683,0.4134421646595001
55,True,2151,2101,0.026000000536441803,0.9959999918937683,0.4134421646595001
56,True,2151,2101,0.03700000047683716,0.9139999747276306,0.3700485825538635
57,True,2151,2101,0.035999998450279236,0.9629999995231628,0.4234878420829773
58,True,2151,2101,0.03700000047683716,0.996999979019165,0.42068207263946533
59,True,2151,2101,0.041999999433755875,1.034999966621399,0.4338909983634949
60,True,2151,2101,0.02500000037252903,1.0230000019073486,0.41684672236442566
61,True,2151,2101,0.03400000184774399,1.0130000114440918,0.40910854935646057
62,True,2151,2101,0.03099999949336052,1.0080000162124634,0.4017748534679413
63,True,2151,2101,0.06700000166893005,1.0219999551773071,0.494129478931427
64,True,2151,2101,0.013000000268220901,1.024999976158142,0.4160114526748657
65,True,2151,2101,0.032999999821186066,1.0299999713897705,0.42639410495758057
66,True,2151,2101,0.04100000113248825,1.0579999685287476,0.44051164388656616
67,True,2151,2101,0.019999999552965164,1.0460000038146973,0.43140217661857605
68,True,2151,2101,0.041999999433755875,0.8569999933242798,0.40103188157081604
69,True,2151,2101,0.041999999433755875,0.8629999756813049,0.39072585105895996
70,True,2151,2101,0.014999999664723873,0.890999972820282,0.37838125228881836
71,True,2151,2101,0.032999999821186066,0.871999979019165,0.3671642243862152
72,True,2151,2101,0.029999999329447746,0.8629999756813049,0.38030603528022766
73,True,2151,2101,0.04500000178813934,0.8410000205039978,0.35655832290649414
74,True,2151,2101,0.05400000140070915,0.8289999961853027,0.33096766471862793
75,True,2151,2101,0.05400000140070915,0.9049999713897705,0.42103904485702515
76,True,2151,2101,0.05999999865889549,0.9110000133514404,0.4144240617752075
77,True,2151,2101,0.052000001072883606,0.9380000233650208,0.4151337742805481
78,True,2151,2101,0.050999999046325684,0.8980000019073486,0.4020480811595917
79,True,2151,2101,0.061000000685453415,0.9409999847412109,0.44908377528190613
80,True,2151,2101,0.05700000002980232,0.8840000033378601,0.3730519115924835
81,True,2151,2101,0.054999999701976776,0.9259999990463257,0.38864827156066895
82,True,2151,2101,0.052000001072883606,0.9459999799728394,0.4134431481361389
83,True,2151,2101,0.05700000002980232,0.9509999752044678,0.4163084030151367
84,True,2151,2101,0.04899999871850014,0.9539999961853027,0.4315173923969269
85,True,2151,2101,0.04500000178813934,0.8629999756813049,0.3407701253890991
86,True,2151,2101,0.020999999716877937,0.9049999713897705,0.3556639552116394
87,True,2151,2101,0.05700000002980232,0.949999988079071,0.4110066890716553
88,True,2151,2101,0.05400000140070915,0.9520000219345093,0.4039466977119446
89,True,2151,2101,0.06300000101327896,0.9359999895095825,0.4028724431991577
90,True,2151,2101,0.05700000002980232,0.8679999709129333,0.35907280445098877
91,True,2151,2101,0.05900000035762787,0.9509999752044678,0.40248361229896545
92,True,2151,2101,0.039000000804662704,0.9319999814033508,0.3575064539909363
93,True,2151,2101,0.04399999976158142,0.8690000176429749,0.34287434816360474
94,True,2151,2101,0.05400000140070915,0.824999988079071,0.3255649507045746
95,True,2151,2101,0.08699999749660492,0.8389999866485596,0.3805054724216461
96,True,2151,2101,0.06400000303983688,0.8889999985694885,0.36985817551612854
97,True,2151,2101,0.039000000804662704,0.8870000243186951,0.337287962436676
98,True,2151,2101,0.05700000002980232,1.0,0.4248847961425781
99,True,2151,2101,0.05900000035762787,0.9789999723434448,0.45424512028694153
100,True,2151,2101,0.05299999937415123,0.8970000147819519,0.3600447177886963
101,True,2151,2101,0.04800000041723251,0.9039999842643738,0.357034295797348
102,True,2151,2101,0.05400000140070915,0.9229999780654907,0.35277774930000305
103,True,2151,2101,0.06199999898672104,0.9739999771118164,0.4339738190174103
104,True,2151,2101,0.04699999839067459,0.9850000143051147,0.4240252375602722
105,True,2151,2101,0.08299999684095383,0.9679999947547913,0.43958064913749695
106,True,2151,2101,0.07400000095367432,0.9679999947547913,0.4273127317428589
107,True,2151,2101,0.03099999949336052,0.9950000047683716,0.41023513674736023
108,True,2151,2101,0.04100000113248825,0.8659999966621399,0.34346646070480347
109,True,2151,2101,0.04600000008940697,0.9850000143051147,0.39678725600242615
110,True,2151,2101,0.061000000685453415,0.9700000286102295,0.42009660601615906
111,True,2151,2101,0.04500000178813934,0.9990000128746033,0.4219585359096527
112,True,2151,2101,0.05000000074505806,0.9860000014305115,0.4165697395801544
113,True,2151,2101,0.07699999958276749,0.9769999980926514,0.46466395258903503
114,True,2151,2101,0.07699999958276749,0.9990000128746033,0.462312251329422
115,True,2151,2101,0.07199999690055847,0.9769999980926514,0.423338383436203
116,True,2151,2101,0.10899999737739563,0.8769999742507935,0.40107423067092896
117,True,2151,2101,0.08900000154972076,0.8820000290870667,0.38537314534187317
118,True,2151,2101,0.0989999994635582,0.9110000133514404,0.4171294569969177
119,True,2151,2101,0.08100000023841858,0.953000009059906,0.4143817126750946
120,True,2151,2101,0.04399999976158142,0.9760000109672546,0.4040157198905945
121,True,2151,2101,0.0430000014603138,0.8389999866485596,0.3533816933631897
122,True,2151,2101,0.03799999877810478,0.8740000128746033,0.3526154160499573
123,True,2151,2101,0.04899999871850014,0.9330000281333923,0.4297601282596588
124,True,2151,2101,0.041999999433755875,0.9559999704360962,0.38916659355163574
125,True,2151,2101,0.057999998331069946,0.8709999918937683,0.3907605707645416
126,True,2151,2101,0.05700000002980232,0.8640000224113464,0.3847615420818329
127,True,2151,2101,0.057999998331069946,0.925000011920929,0.40032318234443665
128,True,2151,2101,0.04399999976158142,0.8870000243186951,0.37059304118156433
129,True,2151,2101,0.05900000035762787,0.8330000042915344,0.35797998309135437
130,True,2151,2101,0.061000000685453415,0.9330000281333923,0.4040323793888092
131,True,2151,2101,0.05700000002980232,0.9800000190734863,0.42613279819488525
132,True,2151,2101,0.05000000074505806,0.9490000009536743,0.4153274893760681
133,True,2151,2101,0.027000000700354576,0.9430000185966492,0.40189099311828613
134,True,2151,2101,0.03400000184774399,0.8700000047683716,0.3421694338321686
135,True,2151,2101,0.024000000208616257,0.8980000019073486,0.34368255734443665
136,True,2151,2101,0.06400000303983688,0.9160000085830688,0.4830651581287384
137,True,2151,2101,0.03700000047683716,0.9309999942779541,0.3963169753551483
138,True,2151,2101,0.03999999910593033,0.9079999923706055,0.37462446093559265
139,True,2151,2101,0.04800000041723251,0.9559999704360962,0.41982293128967285
140,True,2151,2101,0.041999999433755875,0.9610000252723694,0.4078976511955261
141,True,2151,2101,0.06199999898672104,0.8949999809265137,0.4468424618244171
142,True,2151,2101,0.05400000140070915,0.824999988079071,0.3772631883621216
143,True,2151,2101,0.04800000041723251,0.8500000238418579,0.3771451711654663
144,True,2151,2101,0.029999999329447746,0.8690000176429749,0.3647591769695282
145,True,2151,2101,0.04899999871850014,0.8740000128746033,0.39300811290740967
146,True,2151,2101,0.04399999976158142,0.8479999899864197,0.3854859471321106
147,True,2151,2101,0.054999999701976776,0.8309999704360962,0.3573469817638397
148,True,2151,2101,0.052000001072883606,0.9110000133514404,0.49191999435424805
149,True,2151,2101,0.0560000017285347,0.9150000214576721,0.42103809118270874
150,True,2151,2101,0.050999999046325684,0.9279999732971191,0.42039600014686584
151,True,2151,2101,0.050999999046325684,0.8790000081062317,0.4248643219470978
152,True,2151,2101,0.07000000029802322,0.9980000257492065,0.530123770236969
153,True,2151,2101,0.06700000166893005,0.9319999814033508,0.42305999994277954
154,True,2151,2101,0.06700000166893005,0.9549999833106995,0.4243636429309845
155,True,2151,2101,0.05700000002980232,0.968999981880188,0.4444783329963684
156,True,2151,2101,0.06800000369548798,0.9670000076293945,0.4629557132720947
157,True,2151,2101,0.06599999964237213,0.9570000171661377,0.46109187602996826
158,True,2151,2101,0.06700000166893005,0.8970000147819519,0.38015279173851013
159,True,2151,2101,0.05400000140070915,0.843999981880188,0.35599666833877563
160,True,2151,2101,0.07800000160932541,0.9369999766349792,0.44022512435913086
161,True,2151,2101,0.07400000095367432,0.8870000243186951,0.41994908452033997
162,True,2151,2101,0.06499999761581421,0.9089999794960022,0.4369524121284485
163,True,2151,2101,0.04500000178813934,0.9089999794960022,0.3932584524154663
164,True,2151,2101,0.06700000166893005,0.8880000114440918,0.3914450407028198
165,True,2151,2101,0.04399999976158142,0.8690000176429749,0.35156166553497314
166,True,2151,2101,0.0560000017285347,0.8029999732971191,0.3473641276359558
167,True,2151,2101,0.07199999690055847,0.8330000042915344,0.35800811648368835
168,True,2151,2101,0.08299999684095383,0.8700000047683716,0.4043455719947815
169,True,2151,2101,0.0689999982714653,0.8849999904632568,0.4122137129306793
170,True,2151,2101,0.0430000014603138,0.8410000205039978,0.34071585536003113
171,True,2151,2101,0.06700000166893005,0.8600000143051147,0.38844215869903564
172,True,2151,2101,0.061000000685453415,0.9549999833106995,0.4873978793621063
173,True,2151,2101,0.06400000303983688,0.8669999837875366,0.3789752721786499
174,True,2151,2101,0.0560000017285347,0.8930000066757202,0.393326997756958
175,True,2151,2101,0.06199999898672104,0.9010000228881836,0.36729273200035095
176,True,2151,2101,0.061000000685453415,0.949999988079071,0.4917930066585541
177,True,2151,2101,0.05999999865889549,0.9570000171661377,0.4441513419151306
178,True,2151,2101,0.0820000022649765,0.9739999771118164,0.4656963348388672
179,True,2151,2101,0.0729999989271164,0.9760000109672546,0.46588146686553955
180,True,2151,2101,0.06400000303983688,0.9829999804496765,0.421537846326828
181,True,2151,2101,0.06599999964237213,0.9110000133514404,0.3747953474521637
182,True,2151,2101,0.05299999937415123,0.9419999718666077,0.4052908420562744
183,True,2151,2101,0.07599999755620956,0.9729999899864197,0.4613798260688782
184,True,2151,2101,0.04899999871850014,0.9649999737739563,0.4343322217464447
185,True,2151,2101,0.08500000089406967,0.8690000176429749,0.4156111478805542
186,True,2151,2101,0.06300000101327896,0.9950000047683716,0.5267682075500488
187,True,2151,2101,0.06700000166893005,0.9760000109672546,0.4907396137714386
188,True,2151,2101,0.07999999821186066,0.9620000123977661,0.46194809675216675
189,True,2151,2101,0.09799999743700027,0.890999972820282,0.4572874903678894
190,True,2151,2101,0.0729999989271164,0.8899999856948853,0.42465636134147644
191,True,2151,2101,0.09799999743700027,0.8790000081062317,0.4418124854564667
192,True,2151,2101,0.08299999684095383,0.902999997138977,0.43633607029914856
193,True,2151,2101,0.06599999964237213,0.984000027179718,0.431419312953949
194,True,2151,2101,0.07699999958276749,0.8450000286102295,0.3866025507450104
195,True,2151,2101,0.06599999964237213,0.8930000066757202,0.4194169044494629
196,True,2151,2101,0.06499999761581421,0.9279999732971191,0.4639347791671753
197,True,2151,2101,0.07000000029802322,0.9950000047683716,0.43747925758361816
198,True,2151,2101,0.054999999701976776,0.9200000166893005,0.4861151874065399
199,True,2151,2101,0.06499999761581421,0.8960000276565552,0.4664626121520996
200,True,2151,2101,0.061000000685453415,0.9879999756813049,0.5005278587341309
201,True,2151,2101,0.06599999964237213,0.9490000009536743,0.4479476511478424
202,True,2151,2101,0.06599999964237213,0.9200000166893005,0.44048500061035156
203,True,2151,2101,0.06599999964237213,0.9739999771118164,0.46958020329475403
204,True,2151,2101,0.07199999690055847,1.0140000581741333,0.49458685517311096
205,True,2151,2101,0.08900000154972076,1.0299999713897705,0.4900009334087372
206,True,2151,2101,0.07699999958276749,1.0360000133514404,0.46403712034225464
207,True,2151,2101,0.07199999690055847,0.9610000252723694,0.41143599152565
208,True,2151,2101,0.06199999898672104,0.9670000076293945,0.3944336175918579
209,True,2151,2101,0.06400000303983688,1.0080000162124634,0.5891355872154236
210,True,2151,2101,0.07599999755620956,1.0130000114440918,0.46504709124565125
211,True,2151,2101,0.0729999989271164,0.9610000252723694,0.4339500367641449
212,True,2151,2101,0.07800000160932541,1.0449999570846558,0.5031604170799255
213,True,2151,2101,0.07199999690055847,1.0119999647140503,0.4775335490703583
214,True,2151,2101,0.06199999898672104,0.8240000009536743,0.4555012285709381
215,True,2151,2101,0.06400000303983688,0.7829999923706055,0.38204094767570496
216,True,2151,2101,0.05999999865889549,0.8479999899864197,0.4070889949798584
217,True,2151,2101,0.057999998331069946,0.8870000243186951,0.38996097445487976
218,True,2151,2101,0.06800000369548798,0.8550000190734863,0.4204573929309845
219,True,2151,2101,0.0430000014603138,0.7710000276565552,0.393707275390625
220,True,2151,2101,0.05900000035762787,0.8489999771118164,0.39278295636177063
221,True,2151,2101,0.054999999701976776,0.7730000019073486,0.48274296522140503
222,True,2151,2101,0.057999998331069946,0.9100000262260437,0.454721599817276
223,True,2151,2101,0.06199999898672104,0.8939999938011169,0.43064019083976746
224,True,2151,2101,0.05700000002980232,0.8759999871253967,0.4940832853317261
225,True,2151,2101,0.07000000029802322,0.9269999861717224,0.5680785179138184
226,True,2151,2101,0.05000000074505806,0.859000027179718,0.4248524606227875
227,True,2151,2101,0.05400000140070915,0.8740000128746033,0.4269152581691742
228,True,2151,2101,0.04899999871850014,0.8809999823570251,0.4528876543045044
229,True,2151,2101,0.05900000035762787,0.8970000147819519,0.4609833359718323
230,True,2151,2101,0.05400000140070915,0.8659999966621399,0.4688372015953064
231,True,2151,2101,0.06300000101327896,0.8460000157356262,0.4026415944099426
232,True,2151,2101,0.07000000029802322,0.9330000281333923,0.396929532289505
233,True,2151,2101,0.0560000017285347,0.9409999847412109,0.45399001240730286
234,True,2151,2101,0.08699999749660492,0.9309999942779541,0.4848686158657074
235,True,2151,2101,0.06700000166893005,1.0080000162124634,0.5318725109100342
236,True,2151,2101,0.07000000029802322,0.9490000009536743,0.47960779070854187
237,True,2151,2101,0.07400000095367432,1.00600004196167,0.45736032724380493
238,True,2151,2101,0.0689999982714653,0.9779999852180481,0.41041550040245056
239,True,2151,2101,0.0689999982714653,0.9399999976158142,0.4284726083278656
240,True,2151,2101,0.07400000095367432,0.9319999814033508,0.4089905023574829
241,True,2151,2101,0.09399999678134918,0.8930000066757202,0.4303165078163147
242,True,2151,2101,0.08699999749660492,0.949999988079071,0.48417991399765015
243,True,2151,2101,0.08699999749660492,0.949999988079071,0.48417991399765015
244,True,2151,2101,0.08900000154972076,0.9900000095367432,0.46164971590042114
245,True,2151,2101,0.07199999690055847,0.8299999833106995,0.480225145816803
246,True,2151,2101,0.08399999886751175,0.9330000281333923,0.42676153779029846
247,True,2151,2101,0.050999999046325684,0.8820000290870667,0.3951523005962372
248,True,2151,2101,0.05999999865889549,0.9279999732971191,0.40207138657569885
249,True,2151,2101,0.06700000166893005,0.9490000009536743,0.5373193621635437
250,True,2151,2101,0.05999999865889549,0.9549999833106995,0.4895264208316803
251,True,2151,2101,0.07699999958276749,0.953000009059906,0.5019595623016357
252,True,2151,2101,0.05900000035762787,0.984000027179718,0.5307800769805908
253,True,2151,2101,0.0729999989271164,1.0119999647140503,0.5226382613182068
254,True,2151,2101,0.06400000303983688,0.9079999923706055,0.3955673575401306
255,True,2151,2101,0.0560000017285347,1.0329999923706055,0.47242599725723267
256,True,2151,2101,0.07400000095367432,0.9929999709129333,0.5183945894241333
257,True,2151,2101,0.07599999755620956,1.0099999904632568,0.48302334547042847
258,True,2151,2101,0.07000000029802322,0.9279999732971191,0.47538742423057556
259,True,2151,2101,0.07900000363588333,0.8700000047683716,0.5075250267982483
260,True,2151,2101,0.06599999964237213,0.9160000085830688,0.5057658553123474
261,True,2151,2101,0.07599999755620956,0.9559999704360962,0.48856210708618164
262,True,2151,2101,0.08799999952316284,0.8619999885559082,0.4969319701194763
263,True,2151,2101,0.0820000022649765,0.9750000238418579,0.5295773148536682
264,True,2151,2101,0.0949999988079071,0.9100000262260437,0.4885135293006897
265,True,2151,2101,0.0820000022649765,0.9520000219345093,0.5123150944709778
266,True,2151,2101,0.057999998331069946,0.9629999995231628,0.47372251749038696
267,True,2151,2101,0.07100000232458115,0.8870000243186951,0.45424559712409973
268,True,2151,2101,0.06300000101327896,0.9269999861717224,0.47851547598838806
269,True,2151,2101,0.06400000303983688,0.9350000023841858,0.5371909141540527
270,True,2151,2101,0.06199999898672104,1.0,0.501910924911499
271,True,2151,2101,0.05900000035762787,0.9110000133514404,0.5371456146240234
272,True,2151,2101,0.06599999964237213,0.906000018119812,0.5301403999328613
273,True,2151,2101,0.06700000166893005,0.9549999833106995,0.5491589307785034
274,True,2151,2101,0.05900000035762787,0.9660000205039978,0.5362865328788757
275,True,2151,2101,0.07100000232458115,0.9340000152587891,0.5075359344482422
276,True,2151,2101,0.06400000303983688,0.9430000185966492,0.5517082214355469
277,True,2151,2101,0.06800000369548798,1.0180000066757202,0.5488295555114746
278,True,2151,2101,0.07199999690055847,0.9610000252723694,0.4882703125476837
279,True,2151,2101,0.07000000029802322,0.9490000009536743,0.4603355824947357
280,True,2151,2101,0.05900000035762787,0.9150000214576721,0.4240242838859558
281,True,2151,2101,0.05999999865889549,0.9089999794960022,0.40154212713241577
282,True,2151,2101,0.06499999761581421,0.9399999976158142,0.5895320773124695
283,True,2151,2101,0.061000000685453415,0.953000009059906,0.47342219948768616
284,True,2151,2101,0.061000000685453415,0.9419999718666077,0.47585535049438477
285,True,2151,2101,0.06599999964237213,0.9679999947547913,0.5193455815315247
286,True,2151,2101,0.05999999865889549,0.968999981880188,0.5008005499839783
287,True,2151,2101,0.061000000685453415,0.8410000205039978,0.5222717523574829
288,True,2151,2101,0.052000001072883606,0.753000020980835,0.4003722071647644
289,True,2151,2101,0.05400000140070915,0.8479999899864197,0.4420880377292633
290,True,2151,2101,0.05400000140070915,0.8349999785423279,0.38613757491111755
291,True,2151,2101,0.04800000041723251,0.8349999785423279,0.4543927013874054
292,True,2151,2101,0.0820000022649765,0.9169999957084656,0.5230352282524109
293,True,2151,2101,0.0430000014603138,0.7860000133514404,0.4244493544101715
294,True,2151,2101,0.05400000140070915,0.9869999885559082,0.6060851812362671
295,True,2151,2101,0.07699999958276749,0.9319999814033508,0.5676411390304565
296,True,2151,2101,0.0729999989271164,0.9470000267028809,0.5792384743690491
297,True,2151,2101,0.05400000140070915,0.9580000042915344,0.5694526433944702
298,True,2151,2101,0.0560000017285347,0.972000002861023,0.6056634783744812
299,True,2151,2101,0.05700000002980232,0.9470000267028809,0.5425925254821777
300,True,2151,2101,0.06300000101327896,0.9860000014305115,0.5723231434822083
301,True,2151,2101,0.050999999046325684,0.9459999799728394,0.5564488172531128
302,True,2151,2101,0.08699999749660492,1.0010000467300415,0.6151375770568848
303,True,2151,2101,0.06800000369548798,0.9990000128746033,0.6082408428192139
304,True,2151,2101,0.07000000029802322,0.9539999961853027,0.5795025825500488
305,True,2151,2101,0.12399999797344208,1.0460000038146973,0.6050342917442322
306,True,2151,2101,0.15199999511241913,1.065000057220459,0.6450114250183105
307,True,2151,2101,0.1770000010728836,1.0579999685287476,0.6759905219078064
308,True,2151,2101,0.08399999886751175,1.0870000123977661,0.6411137580871582
309,True,2151,2101,0.12099999934434891,1.059000015258789,0.6139528751373291
310,True,2151,2101,0.07000000029802322,1.0080000162124634,0.5879018902778625
311,True,2151,2101,0.07000000029802322,1.0509999990463257,0.586797297000885
312,True,2151,2101,0.17000000178813934,0.9980000257492065,0.5798996090888977
313,True,2151,2101,0.0949999988079071,1.0269999504089355,0.5703269839286804
314,True,2151,2101,0.3499999940395355,1.0399999618530273,0.7201018333435059
315,True,2151,2101,0.10999999940395355,1.059000015258789,0.6118148565292358
316,True,2151,2101,0.12600000202655792,1.0130000114440918,0.5765940546989441
317,True,2151,2101,0.12300000339746475,1.0609999895095825,0.6572346091270447
318,True,2151,2101,0.07100000232458115,0.9760000109672546,0.592012345790863
319,True,2151,2101,0.07199999690055847,0.9829999804496765,0.5522813200950623
320,True,2151,2101,0.12600000202655792,0.9919999837875366,0.575998067855835
321,True,2151,2101,0.07000000029802322,1.090999960899353,0.6149100661277771
322,True,2151,2101,0.07800000160932541,1.0230000019073486,0.6291723251342773
323,True,2151,2101,0.20600000023841858,1.0499999523162842,0.6960332989692688
324,True,2151,2101,0.09200000017881393,1.031999945640564,0.6404949426651001
325,True,2151,2101,0.0689999982714653,1.0329999923706055,0.6108623743057251
326,True,2151,2101,0.08699999749660492,1.0490000247955322,0.6347463130950928
327,True,2151,2101,0.09600000083446503,1.0210000276565552,0.5581841468811035
328,True,2151,2101,0.06499999761581421,1.0119999647140503,0.5695292949676514
329,True,2151,2101,0.07999999821186066,1.024999976158142,0.6055816411972046
330,True,2151,2101,0.07999999821186066,1.024999976158142,0.6055816411972046
331,True,2151,2101,0.0820000022649765,0.9419999718666077,0.5796025395393372
332,True,2151,2101,0.09300000220537186,0.9789999723434448,0.6176897287368774
333,True,2151,2101,0.06800000369548798,0.9980000257492065,0.5958995819091797
334,True,2151,2101,0.07500000298023224,1.0099999904632568,0.5992217659950256
335,True,2151,2101,0.09200000017881393,0.9610000252723694,0.5750414133071899
336,True,2151,2101,0.07999999821186066,0.9459999799728394,0.5265392661094666
337,True,2151,2101,0.08500000089406967,0.9869999885559082,0.5765640735626221
338,True,2151,2101,0.07599999755620956,0.972000002861023,0.5884316563606262
339,True,2151,2101,0.06800000369548798,1.0789999961853027,0.6398653388023376
340,True,2151,2101,0.06300000101327896,0.968999981880188,0.5588676929473877
341,True,2151,2101,0.06400000303983688,0.9679999947547913,0.5641065835952759
342,True,2151,2101,0.07400000095367432,0.9860000014305115,0.6122627258300781
343,True,2151,2101,0.06700000166893005,1.0729999542236328,0.643322765827179
344,True,2151,2101,0.06499999761581421,0.9729999899864197,0.5883703231811523
345,True,2151,2101,0.08100000023841858,1.0019999742507935,0.5961951017379761
346,True,2151,2101,0.07599999755620956,1.0529999732971191,0.6409890651702881
347,True,2151,2101,0.06800000369548798,1.0230000019073486,0.6165178418159485
348,True,2151,2101,0.07400000095367432,0.9549999833106995,0.5487096905708313
349,True,2151,2101,0.06700000166893005,1.0540000200271606,0.6600690484046936
350,True,2151,2101,0.08399999886751175,1.059000015258789,0.6535153985023499
351,True,2151,2101,0.07599999755620956,1.0190000534057617,0.599327027797699
352,True,2151,2101,0.08299999684095383,1.0369999408721924,0.6238767504692078
353,True,2151,2101,0.06599999964237213,0.9729999899864197,0.5448938608169556
354,True,2151,2101,0.1589999943971634,0.9179999828338623,0.5889623761177063
355,True,2151,2101,0.06700000166893005,0.9810000061988831,0.6042065620422363
356,True,2151,2101,0.07100000232458115,1.0369999408721924,0.5853907465934753
357,True,2151,2101,0.06800000369548798,1.0140000581741333,0.5800209641456604
358,True,2151,2101,0.07100000232458115,0.9789999723434448,0.566007673740387
359,True,2151,2101,0.06400000303983688,0.996999979019165,0.5800343155860901
360,True,2151,2101,0.09000000357627869,0.9570000171661377,0.6273998022079468
361,True,2151,2101,0.07599999755620956,0.8830000162124634,0.5446658730506897
362,True,2151,2101,0.08699999749660492,0.9779999852180481,0.6096744537353516
363,True,2151,2101,0.08100000023841858,0.9620000123977661,0.5746511220932007
364,True,2151,2101,0.11400000005960464,1.0490000247955322,0.6680737733840942
365,True,2151,2101,0.09200000017881393,0.8960000276565552,0.4113612771034241
366,True,2151,2101,0.05299999937415123,0.9670000076293945,0.41990241408348083
367,True,2151,2101,0.04399999976158142,0.9409999847412109,0.41250261664390564
368,True,2151,2101,0.03700000047683716,1.0479999780654907,0.4167563021183014
369,True,2151,2101,0.035999998450279236,0.9769999980926514,0.39662590622901917
370,True,2151,2101,0.04899999871850014,1.003000020980835,0.41822224855422974
371,True,2151,2101,0.07000000029802322,0.9229999780654907,0.4060218930244446
372,True,2151,2101,0.10000000149011612,0.8759999871253967,0.41474395990371704
373,True,2151,2101,0.08799999952316284,0.8980000019073486,0.4307672381401062
374,True,2151,2101,0.052000001072883606,0.9419999718666077,0.40431126952171326
375,True,2151,2101,0.10499999672174454,0.8980000019073486,0.42695191502571106
376,True,2151,2101,0.07000000029802322,0.9509999752044678,0.45224082469940186
377,True,2151,2101,0.06499999761581421,0.9269999861717224,0.4145854413509369
378,True,2151,2101,0.06599999964237213,0.9330000281333923,0.4037896394729614
379,True,2151,2101,0.02800000086426735,0.9779999852180481,0.41003474593162537
380,True,2151,2101,0.03400000184774399,0.9649999737739563,0.40545976161956787
381,True,2151,2101,0.032999999821186066,0.9670000076293945,0.3912346661090851
382,True,2151,2101,0.032999999821186066,1.062000036239624,0.4447515606880188
383,True,2151,2101,0.039000000804662704,1.003000020980835,0.411510705947876
384,True,2151,2101,0.05999999865889549,0.9070000052452087,0.4207901060581207
385,True,2151,2101,0.04600000008940697,0.902999997138977,0.3895387649536133
386,True,2151,2101,0.0689999982714653,0.9079999923706055,0.407010018825531
387,True,2151,2101,0.06599999964237213,0.9520000219345093,0.4179072082042694
388,True,2151,2101,0.04899999871850014,0.921999990940094,0.3933669626712799
389,True,2151,2101,0.039000000804662704,1.0709999799728394,0.46220991015434265
390,True,2151,2101,0.041999999433755875,0.9169999957084656,0.34626322984695435
391,True,2151,2101,0.041999999433755875,0.996999979019165,0.4234901964664459
392,True,2151,2101,0.06199999898672104,0.9210000038146973,0.379725843667984
393,True,2151,2101,0.10700000077486038,0.8980000019073486,0.42346692085266113
394,True,2151,2101,0.09300000220537186,0.9300000071525574,0.42301473021507263
395,True,2151,2101,0.07699999958276749,0.9369999766349792,0.39146360754966736
396,True,2151,2101,0.10100000351667404,0.9599999785423279,0.43643075227737427
397,True,2151,2101,0.07900000363588333,0.9829999804496765,0.4708600640296936
398,True,2151,2101,0.10899999737739563,0.8769999742507935,0.40107423067092896
399,True,2151,2101,0.07500000298023224,0.9369999766349792,0.4095873534679413
400,True,2151,2101,0.04899999871850014,0.9259999990463257,0.3743450939655304
401,True,2151,2101,0.04100000113248825,0.953000009059906,0.3779580891132355
402,True,2151,2101,0.03999999910593033,0.8970000147819519,0.3372041881084442
403,True,2151,2101,0.06300000101327896,0.9589999914169312,0.43290477991104126
404,True,2151,2101,0.05400000140070915,0.9100000262260437,0.38215184211730957
405,True,2151,2101,0.061000000685453415,0.8610000014305115,0.4249214828014374
406,True,2151,2101,0.04100000113248825,0.8489999771118164,0.36022892594337463
407,True,2151,2101,0.061000000685453415,0.9160000085830688,0.4080433249473572
408,True,2151,2101,0.05900000035762787,0.9440000057220459,0.43286246061325073
409,True,2151,2101,0.05900000035762787,0.9539999961853027,0.4505425989627838
410,True,2151,2101,0.054999999701976776,1.031999945640564,0.4591546952724457
411,True,2151,2101,0.05400000140070915,0.8989999890327454,0.36374297738075256
412,True,2151,2101,0.07400000095367432,1.0190000534057617,0.47119465470314026
413,True,2151,2101,0.09000000357627869,0.8830000162124634,0.4152389466762543
414,True,2151,2101,0.07199999690055847,0.9330000281333923,0.4285259544849396
415,True,2151,2101,0.0949999988079071,0.9020000100135803,0.4573555588722229
416,True,2151,2101,0.07599999755620956,0.8899999856948853,0.42659828066825867
417,True,2151,2101,0.09099999815225601,0.9330000281333923,0.4820718765258789
418,True,2151,2101,0.07699999958276749,0.9879999756813049,0.531822919845581
419,True,2151,2101,0.07800000160932541,0.9049999713897705,0.46178439259529114
420,True,2151,2101,0.08299999684095383,0.9020000100135803,0.42398950457572937
421,True,2151,2101,0.06300000101327896,0.968999981880188,0.4566044807434082
422,True,2151,2101,0.06199999898672104,0.9620000123977661,0.42173823714256287
423,True,2151,2101,0.05900000035762787,0.9359999895095825,0.38711708784103394
424,True,2151,2101,0.08100000023841858,1.0260000228881836,0.5052565336227417
425,True,2151,2101,0.07500000298023224,0.9649999737739563,0.43070346117019653
426,True,2151,2101,0.06700000166893005,0.8209999799728394,0.44168874621391296
427,True,2151,2101,0.0689999982714653,0.8579999804496765,0.39050164818763733
428,True,2151,2101,0.06499999761581421,0.9049999713897705,0.4320266544818878
429,True,2151,2101,0.07199999690055847,0.9570000171661377,0.48797714710235596
430,True,2151,2101,0.05299999937415123,0.8960000276565552,0.4769533574581146
431,True,2151,2101,0.07199999690055847,1.0299999713897705,0.49039363861083984
432,True,2151,2101,0.0689999982714653,0.9120000004768372,0.3884088397026062
433,True,2151,2101,0.07100000232458115,1.0399999618530273,0.5112855434417725
434,True,2151,2101,0.07999999821186066,0.8820000290870667,0.43511471152305603
435,True,2151,2101,0.0860000029206276,0.9459999799728394,0.48445263504981995
436,True,2151,2101,0.0860000029206276,0.8880000114440918,0.4894697666168213
437,True,2151,2101,0.07999999821186066,0.9100000262260437,0.46996092796325684
438,True,2151,2101,0.06800000369548798,0.8370000123977661,0.5143798589706421
439,True,2151,2101,0.07400000095367432,0.9490000009536743,0.5731571316719055
440,True,2151,2101,0.09399999678134918,0.9129999876022339,0.5180162191390991
441,True,2151,2101,0.07500000298023224,0.9150000214576721,0.4761156737804413
442,True,2151,2101,0.05999999865889549,0.9620000123977661,0.4788857698440552
443,True,2151,2101,0.06300000101327896,0.9599999785423279,0.458783894777298
444,True,2151,2101,0.05900000035762787,0.921999990940094,0.41859304904937744
445,True,2151,2101,0.06599999964237213,0.9750000238418579,0.531073808670044
446,True,2151,2101,0.061000000685453415,0.9160000085830688,0.44010186195373535
447,True,2151,2101,0.07199999690055847,0.8659999966621399,0.5167838931083679
448,True,2151,2101,0.04899999871850014,0.7730000019073486,0.3779585659503937
449,True,2151,2101,0.04500000178813934,0.6129999756813049,0.37343358993530273
450,True,2151,2101,0.0560000017285347,1.0010000467300415,0.5959852933883667
451,True,2151,2101,0.057999998331069946,0.9549999833106995,0.5212260484695435
452,True,2151,2101,0.08399999886751175,1.093000054359436,0.6599685549736023
453,True,2151,2101,0.14800000190734863,0.9959999918937683,0.5829014778137207
454,True,2151,2101,0.1940000057220459,1.0180000066757202,0.6600399613380432
455,True,2151,2101,0.09200000017881393,0.984000027179718,0.5889352560043335
456,True,2151,2101,0.09300000220537186,0.8700000047683716,0.5313313007354736
457,True,2151,2101,0.08100000023841858,1.003999948501587,0.5954050421714783
458,True,2151,2101,0.07999999821186066,0.9470000267028809,0.5590351819992065
459,True,2151,2101,0.08399999886751175,1.0049999952316284,0.6233912110328674
460,True,2151,2101,0.09300000220537186,0.9789999723434448,0.6070551872253418
461,True,2151,2101,0.09399999678134918,1.0019999742507935,0.5985297560691833
462,True,2151,2101,0.07800000160932541,0.9829999804496765,0.5820719003677368
463,True,2151,2101,0.06199999898672104,1.0379999876022339,0.6152750849723816
464,True,2151,2101,0.0820000022649765,1.0570000410079956,0.6564702391624451
465,True,2151,2101,0.07500000298023224,0.9800000190734863,0.558415949344635
466,True,2151,2101,0.0689999982714653,1.00600004196167,0.6021332740783691
467,True,2151,2101,0.07699999958276749,1.0110000371932983,0.6205844879150391
468,True,2151,2101,0.0989999994635582,0.9480000138282776,0.6066958904266357
469,True,2151,2101,0.08500000089406967,0.9879999756813049,0.597682535648346
