source,row,parse_ok,length,finite_count,nonfinite_count,min,max,mean
train,0,True,2151,2151,0,0.07800000160932541,0.9800000190734863,0.4448358714580536
train,1,True,2151,2151,0,0.019999999552965164,0.9079999923706055,0.3908907473087311
train,2,True,2151,2151,0,0.017999999225139618,0.8700000047683716,0.3719698190689087
train,3,True,2151,2151,0,0.0430000014603138,0.8600000143051147,0.37509670853614807
train,4,True,2151,2151,0,0.029999999329447746,0.8560000061988831,0.36460715532302856
train,5,True,2151,2151,0,0.03799999877810478,0.843999981880188,0.3613482117652893
train,6,True,2151,2151,0,0.03400000184774399,0.8730000257492065,0.37362486124038696
train,7,True,2151,2151,0,0.05000000074505806,0.8740000128746033,0.39198049902915955
train,8,True,2151,2151,0,0.05000000074505806,0.8109999895095825,0.36117154359817505
train,9,True,2151,2151,0,0.028999999165534973,0.9340000152587891,0.3962264060974121
train,10,True,2151,2151,0,0.02800000086426735,0.9100000262260437,0.3898056745529175
train,11,True,2151,2151,0,0.028999999165534973,0.8960000276565552,0.3835848271846771
train,12,True,2151,2151,0,0.03700000047683716,0.8820000290870667,0.3804732859134674
train,13,True,2151,2151,0,0.06300000101327896,0.8830000162124634,0.39716410636901855
train,14,True,2151,2151,0,0.03500000014901161,0.9070000052452087,0.3880348801612854
train,15,True,2151,2151,0,0.03400000184774399,0.8700000047683716,0.37145373225212097
train,16,True,2151,2151,0,0.05400000140070915,0.7839999794960022,0.36974382400512695
train,17,True,2151,2151,0,0.04500000178813934,0.8479999899864197,0.37703949213027954
train,18,True,2151,2151,0,0.050999999046325684,0.8870000243186951,0.3926471471786499
train,19,True,2151,2151,0,0.05400000140070915,0.8360000252723694,0.38085028529167175
train,20,True,2151,2151,0,0.054999999701976776,0.8600000143051147,0.39674246311187744
train,21,True,2151,2151,0,0.057999998331069946,0.8029999732971191,0.36678338050842285
train,22,True,2151,2151,0,0.04100000113248825,0.9120000004768372,0.3938939571380615
train,23,True,2151,2151,0,0.03500000014901161,0.9190000295639038,0.3933914303779602
train,24,True,2151,2151,0,0.04500000178813934,0.9319999814033508,0.4132194221019745
train,25,True,2151,2151,0,0.026000000536441803,0.9020000100135803,0.37847885489463806
train,26,True,2151,2151,0,0.04399999976158142,0.9259999990463257,0.4093807637691498
train,27,True,2151,2151,0,0.023000000044703484,0.8360000252723694,0.3478530943393707
train,28,True,2151,2151,0,0.02500000037252903,0.9309999942779541,0.3905564844608307
train,29,True,2151,2151,0,0.03500000014901161,0.902999997138977,0.38888052105903625
train,30,True,2151,2151,0,0.028999999165534973,0.9089999794960022,0.4015653133392334
train,31,True,2151,2151,0,0.02500000037252903,0.906000018119812,0.3717680275440216
train,32,True,2151,2151,0,0.02500000037252903,0.8709999918937683,0.36202508211135864
train,33,True,2151,2151,0,0.03400000184774399,0.9309999942779541,0.39843976497650146
train,34,True,2151,2151,0,0.03500000014901161,0.9269999861717224,0.3890153467655182
train,35,True,2151,2151,0,0.03099999949336052,0.9039999842643738,0.38930362462997437
train,36,True,2151,2151,0,0.03500000014901161,0.9120000004768372,0.38925474882125854
train,37,True,2151,2151,0,0.04699999839067459,0.9210000038146973,0.41553232073783875
train,38,True,2151,2151,0,0.03099999949336052,0.9300000071525574,0.3941552937030792
train,39,True,2151,2151,0,0.050999999046325684,0.9350000023841858,0.4135787785053253
train,40,True,2151,2151,0,0.02800000086426735,0.9340000152587891,0.3947535753250122
train,41,True,2151,2151,0,0.02800000086426735,0.9369999766349792,0.39358624815940857
train,42,True,2151,2151,0,0.039000000804662704,0.8679999709129333,0.38589492440223694
train,43,True,2151,2151,0,0.020999999716877937,0.9179999828338623,0.3944091200828552
train,44,True,2151,2151,0,0.027000000700354576,0.8880000114440918,0.3828507661819458
train,45,True,2151,2151,0,0.024000000208616257,0.921999990940094,0.3894267678260803
train,46,True,2151,2151,0,0.020999999716877937,0.9150000214576721,0.3866545557975769
train,47,True,2151,2151,0,0.027000000700354576,0.984000027179718,0.4035857915878296
train,48,True,2151,2151,0,0.028999999165534973,0.9769999980926514,0.39393070340156555
train,49,True,2151,2151,0,0.02199999988079071,0.9380000233650208,0.37774014472961426
train,50,True,2151,2151,0,0.03500000014901161,0.9319999814033508,0.40397629141807556
train,51,True,2151,2151,0,0.017000000923871994,0.9539999961853027,0.38432079553604126
train,52,True,2151,2151,0,0.032999999821186066,0.9409999847412109,0.3958489000797272
train,53,True,2151,2151,0,0.023000000044703484,0.9580000042915344,0.3904867470264435
train,54,True,2151,2151,0,0.02500000037252903,0.9110000133514404,0.3718252182006836
train,55,True,2151,2151,0,0.03200000151991844,0.968999981880188,0.3968135714530945
train,56,True,2151,2151,0,0.04699999839067459,0.9940000176429749,0.40691816806793213
train,57,True,2151,2151,0,0.028999999165534973,0.9629999995231628,0.4090422987937927
train,58,True,2151,2151,0,0.028999999165534973,0.9710000157356262,0.39873409271240234
train,59,True,2151,2151,0,0.01899999938905239,0.9769999980926514,0.3863491415977478
train,60,True,2151,2151,0,0.03200000151991844,0.9539999961853027,0.38411808013916016
train,61,True,2151,2151,0,0.028999999165534973,0.8349999785423279,0.350165992975235
train,62,True,2151,2151,0,0.03200000151991844,0.8700000047683716,0.36364251375198364
train,63,True,2151,2151,0,0.04500000178813934,0.8980000019073486,0.3882524371147156
train,64,True,2151,2151,0,0.07000000029802322,0.9290000200271606,0.4241487681865692
train,65,True,2151,2151,0,0.041999999433755875,0.8880000114440918,0.38553881645202637
train,66,True,2151,2151,0,0.07000000029802322,0.9390000104904175,0.4229409396648407
train,67,True,2151,2151,0,0.052000001072883606,0.9200000166893005,0.4017150104045868
train,68,True,2151,2151,0,0.05299999937415123,0.8970000147819519,0.39291074872016907
train,69,True,2151,2151,0,0.07000000029802322,0.9419999718666077,0.42464855313301086
train,70,True,2151,2151,0,0.03200000151991844,0.8970000147819519,0.38333940505981445
train,71,True,2151,2151,0,0.052000001072883606,0.925000011920929,0.40196794271469116
train,72,True,2151,2151,0,0.057999998331069946,0.8690000176429749,0.38101303577423096
train,73,True,2151,2151,0,0.03999999910593033,0.8820000290870667,0.37594789266586304
train,74,True,2151,2151,0,0.03099999949336052,0.8830000162124634,0.36550021171569824
train,75,True,2151,2151,0,0.16300000250339508,0.8830000162124634,0.4675527513027191
train,76,True,2151,2151,0,0.057999998331069946,0.9150000214576721,0.4095155894756317
train,77,True,2151,2151,0,0.05700000002980232,0.8769999742507935,0.3895946443080902
train,78,True,2151,2151,0,0.04899999871850014,0.972000002861023,0.44522130489349365
train,79,True,2151,2151,0,0.04899999871850014,0.9539999961853027,0.43441981077194214
train,80,True,2151,2151,0,0.035999998450279236,0.8820000290870667,0.38487401604652405
train,81,True,2151,2151,0,0.054999999701976776,0.8600000143051147,0.40246397256851196
train,82,True,2151,2151,0,0.03700000047683716,0.7889999747276306,0.34643611311912537
train,83,True,2151,2151,0,0.04899999871850014,0.8209999799728394,0.3761138916015625
train,84,True,2151,2151,0,0.04800000041723251,0.824999988079071,0.3857893645763397
train,85,True,2151,2151,0,0.050999999046325684,0.8080000281333923,0.37676477432250977
train,86,True,2151,2151,0,0.06400000303983688,0.9279999732971191,0.4291808307170868
train,87,True,2151,2151,0,0.05900000035762787,0.8399999737739563,0.3866680860519409
train,88,True,2151,2151,0,0.0689999982714653,0.9089999794960022,0.4378823935985565
train,89,True,2151,2151,0,0.04899999871850014,0.8880000114440918,0.3968270421028137
train,90,True,2151,2151,0,0.04800000041723251,0.8740000128746033,0.4028586745262146
train,91,True,2151,2151,0,0.04899999871850014,0.8650000095367432,0.38332125544548035
train,92,True,2151,2151,0,0.04600000008940697,0.8840000033378601,0.3956666588783264
train,93,True,2151,2151,0,0.06300000101327896,0.8659999966621399,0.3965030312538147
train,94,True,2151,2151,0,0.05000000074505806,0.7770000100135803,0.3626076281070709
train,95,True,2151,2151,0,0.03999999910593033,0.8090000152587891,0.35624828934669495
train,96,True,2151,2151,0,0.06400000303983688,0.8399999737739563,0.38904693722724915
train,97,True,2151,2151,0,0.054999999701976776,0.8339999914169312,0.39531567692756653
train,98,True,2151,2151,0,0.07199999690055847,0.8619999885559082,0.4138130843639374
train,99,True,2151,2151,0,0.11299999803304672,0.8230000138282776,0.4247201383113861
train,100,True,2151,2151,0,0.04699999839067459,0.9419999718666077,0.4298800528049469
train,101,True,2151,2151,0,0.03999999910593033,0.9549999833106995,0.43121105432510376
train,102,True,2151,2151,0,0.054999999701976776,0.9359999895095825,0.43468666076660156
train,103,True,2151,2151,0,0.03200000151991844,0.9290000200271606,0.4179655909538269
train,104,True,2151,2151,0,0.052000001072883606,0.9610000252723694,0.4472975432872772
train,105,True,2151,2151,0,0.050999999046325684,0.8690000176429749,0.38326218724250793
train,106,True,2151,2151,0,0.032999999821186066,0.9710000157356262,0.4384016692638397
train,107,True,2151,2151,0,0.039000000804662704,0.9290000200271606,0.4361673891544342
train,108,True,2151,2151,0,0.05400000140070915,0.9409999847412109,0.43491309881210327
train,109,True,2151,2151,0,0.03700000047683716,0.906000018119812,0.37719061970710754
train,110,True,2151,2151,0,0.035999998450279236,0.921999990940094,0.40660157799720764
train,111,True,2151,2151,0,0.041999999433755875,0.9739999771118164,0.45843836665153503
train,112,True,2151,2151,0,0.03999999910593033,0.9399999976158142,0.4191757142543793
train,113,True,2151,2151,0,0.039000000804662704,0.9459999799728394,0.4222947359085083
train,114,True,2151,2151,0,0.04500000178813934,0.9449999928474426,0.43152162432670593
train,115,True,2151,2151,0,0.04600000008940697,0.9789999723434448,0.4514063000679016
train,116,True,2151,2151,0,0.03400000184774399,0.9430000185966492,0.4279809594154358
train,117,True,2151,2151,0,0.03799999877810478,0.9470000267028809,0.4579191207885742
train,118,True,2151,2151,0,0.03999999910593033,0.9350000023841858,0.4219730496406555
train,119,True,2151,2151,0,0.03099999949336052,0.9549999833106995,0.4380474090576172
train,120,True,2151,2151,0,0.03500000014901161,0.8870000243186951,0.4044826030731201
train,121,True,2151,2151,0,0.04600000008940697,0.9399999976158142,0.45032447576522827
train,122,True,2151,2151,0,0.11900000274181366,0.9129999876022339,0.47513341903686523
train,123,True,2151,2151,0,0.03700000047683716,0.9449999928474426,0.4220106899738312
train,124,True,2151,2151,0,0.039000000804662704,0.9359999895095825,0.4193212687969208
train,125,True,2151,2151,0,0.06400000303983688,0.9190000295639038,0.39796555042266846
train,126,True,2151,2151,0,0.057999998331069946,0.9079999923706055,0.3974611759185791
train,127,True,2151,2151,0,0.08100000023841858,0.8799999952316284,0.42005208134651184
train,128,True,2151,2151,0,0.07199999690055847,0.8759999871253967,0.4083612263202667
train,129,True,2151,2151,0,0.027000000700354576,0.8899999856948853,0.36675921082496643
train,130,True,2151,2151,0,0.03200000151991844,0.902999997138977,0.38304415345191956
train,131,True,2151,2151,0,0.04399999976158142,0.9110000133514404,0.40362757444381714
train,132,True,2151,2151,0,0.028999999165534973,0.8629999756813049,0.3630683124065399
train,133,True,2151,2151,0,0.029999999329447746,0.9240000247955322,0.3849674165248871
train,134,True,2151,2151,0,0.052000001072883606,0.9380000233650208,0.3945671617984772
train,135,True,2151,2151,0,0.02800000086426735,0.8859999775886536,0.4049014449119568
train,136,True,2151,2151,0,0.027000000700354576,0.8970000147819519,0.38345929980278015
train,137,True,2151,2151,0,0.035999998450279236,0.921999990940094,0.37123385071754456
train,138,True,2151,2151,0,0.028999999165534973,0.8849999904632568,0.36665037274360657
train,139,True,2151,2151,0,0.05900000035762787,0.9309999942779541,0.3938981890678406
train,140,True,2151,2151,0,0.07000000029802322,0.9200000166893005,0.40616458654403687
train,141,True,2151,2151,0,0.12300000339746475,0.9589999914169312,0.4812747836112976
train,142,True,2151,2151,0,0.0729999989271164,0.9610000252723694,0.44879868626594543
train,143,True,2151,2151,0,0.08500000089406967,0.9240000247955322,0.43346071243286133
train,144,True,2151,2151,0,0.1509999930858612,0.9430000185966492,0.4887712299823761
train,145,True,2151,2151,0,0.0820000022649765,0.9440000057220459,0.44027337431907654
train,146,True,2151,2151,0,0.08100000023841858,0.9430000185966492,0.43317896127700806
train,147,True,2151,2151,0,0.09700000286102295,0.9789999723434448,0.4555155634880066
train,148,True,2151,2151,0,0.052000001072883606,0.9440000057220459,0.4155011773109436
train,149,True,2151,2151,0,0.05700000002980232,0.9580000042915344,0.4218507707118988
train,150,True,2151,2151,0,0.16300000250339508,0.9160000085830688,0.48804277181625366
train,151,True,2151,2151,0,0.09000000357627869,0.9309999942779541,0.4543551802635193
train,152,True,2151,2151,0,0.0430000014603138,0.8809999823570251,0.38579729199409485
train,153,True,2151,2151,0,0.125,0.9020000100135803,0.46248117089271545
train,154,True,2151,2151,0,0.054999999701976776,0.8920000195503235,0.398183137178421
train,155,True,2151,2151,0,0.04899999871850014,0.8650000095367432,0.3945741653442383
train,156,True,2151,2151,0,0.05700000002980232,0.9010000228881836,0.4440367519855499
train,157,True,2151,2151,0,0.06300000101327896,0.949999988079071,0.4817694127559662
train,158,True,2151,2151,0,0.06499999761581421,0.8659999966621399,0.41143980622291565
train,159,True,2151,2151,0,0.05299999937415123,0.8920000195503235,0.42525896430015564
train,160,True,2151,2151,0,0.050999999046325684,0.859000027179718,0.40991494059562683
train,161,True,2151,2151,0,0.05000000074505806,0.8460000157356262,0.4028874635696411
train,162,True,2151,2151,0,0.04500000178813934,0.8730000257492065,0.4344286322593689
train,163,True,2151,2151,0,0.06300000101327896,0.906000018119812,0.43819618225097656
train,164,True,2151,2151,0,0.13099999725818634,0.8370000123977661,0.45037752389907837
train,165,True,2151,2151,0,0.07900000363588333,0.9229999780654907,0.4629739224910736
train,166,True,2151,2151,0,0.06300000101327896,0.9210000038146973,0.45217573642730713
train,167,True,2151,2151,0,0.04500000178813934,0.8870000243186951,0.431353360414505
train,168,True,2151,2151,0,0.057999998331069946,0.8920000195503235,0.4518400728702545
train,169,True,2151,2151,0,0.05400000140070915,0.8949999809265137,0.4218321740627289
train,170,True,2151,2151,0,0.04399999976158142,0.8960000276565552,0.41782331466674805
train,171,True,2151,2151,0,0.11100000143051147,0.8519999980926514,0.4407740533351898
train,172,True,2151,2151,0,0.08699999749660492,0.7979999780654907,0.4185188412666321
train,173,True,2151,2151,0,0.05700000002980232,0.8349999785423279,0.4057959020137787
train,174,True,2151,2151,0,0.05700000002980232,0.8820000290870667,0.44105762243270874
train,175,True,2151,2151,0,0.0989999994635582,0.8119999766349792,0.4375178813934326
train,176,True,2151,2151,0,0.17900000512599945,0.8560000061988831,0.5029144883155823
train,177,True,2151,2151,0,0.1509999930858612,0.8119999766349792,0.4519330561161041
train,178,True,2151,2151,0,0.04500000178813934,0.9129999876022339,0.4411371350288391
train,179,True,2151,2151,0,0.035999998450279236,0.906000018119812,0.4399655759334564
train,180,True,2151,2151,0,0.05000000074505806,0.921999990940094,0.45015808939933777
train,181,True,2151,2151,0,0.03500000014901161,0.8870000243186951,0.4305248558521271
train,182,True,2151,2151,0,0.04899999871850014,0.9179999828338623,0.4608158767223358
train,183,True,2151,2151,0,0.05999999865889549,0.8289999961853027,0.3979865312576294
train,184,True,2151,2151,0,0.03400000184774399,0.8880000114440918,0.4406071603298187
train,185,True,2151,2151,0,0.03799999877810478,0.8709999918937683,0.43660157918930054
train,186,True,2151,2151,0,0.06400000303983688,0.8830000162124634,0.4439534842967987
train,187,True,2151,2151,0,0.04600000008940697,0.8880000114440918,0.39986610412597656
train,188,True,2151,2151,0,0.032999999821186066,0.8669999837875366,0.4136071503162384
train,189,True,2151,2151,0,0.04800000041723251,0.9459999799728394,0.49371084570884705
train,190,True,2151,2151,0,0.0560000017285347,0.9129999876022339,0.4486131966114044
train,191,True,2151,2151,0,0.04600000008940697,0.9049999713897705,0.43888425827026367
train,192,True,2151,2151,0,0.041999999433755875,0.8920000195503235,0.43590793013572693
train,193,True,2151,2151,0,0.03799999877810478,0.8870000243186951,0.4435141980648041
train,194,True,2151,2151,0,0.0430000014603138,0.8830000162124634,0.4424546957015991
train,195,True,2151,2151,0,0.054999999701976776,0.8939999938011169,0.4932045340538025
train,196,True,2151,2151,0,0.07500000298023224,0.906000018119812,0.47095537185668945
train,197,True,2151,2151,0,0.05000000074505806,0.9150000214576721,0.45951977372169495
train,198,True,2151,2151,0,0.13899999856948853,0.8679999709129333,0.47938403487205505
train,199,True,2151,2151,0,0.12399999797344208,0.8930000066757202,0.49111345410346985
train,200,True,2151,2151,0,0.0860000029206276,0.875,0.454317569732666
train,201,True,2151,2151,0,0.04800000041723251,0.9190000295639038,0.45656996965408325
train,202,True,2151,2151,0,0.032999999821186066,0.8830000162124634,0.4266773462295532
train,203,True,2151,2151,0,0.06199999898672104,0.9279999732971191,0.42000746726989746
train,204,True,2151,2151,0,0.03999999910593033,0.9380000233650208,0.42994654178619385
train,205,True,2151,2151,0,0.05900000035762787,0.9100000262260437,0.4462175667285919
train,206,True,2151,2151,0,0.08699999749660492,0.9120000004768372,0.4507177770137787
train,207,True,2151,2151,0,0.032999999821186066,0.9049999713897705,0.40541934967041016
train,208,True,2151,2151,0,0.04699999839067459,0.9240000247955322,0.43569737672805786
train,209,True,2151,2151,0,0.08399999886751175,0.9710000157356262,0.48025473952293396
train,210,True,2151,2151,0,0.03400000184774399,0.8849999904632568,0.41088563203811646
train,211,True,2151,2151,0,0.03500000014901161,0.9139999747276306,0.40829989314079285
train,212,True,2151,2151,0,0.0430000014603138,0.9319999814033508,0.4029107391834259
train,213,True,2151,2151,0,0.03200000151991844,0.9129999876022339,0.43871456384658813
train,214,True,2151,2151,0,0.035999998450279236,0.9210000038146973,0.415235698223114
train,215,True,2151,2151,0,0.041999999433755875,0.9229999780654907,0.40138259530067444
train,216,True,2151,2151,0,0.03700000047683716,0.9190000295639038,0.4086318016052246
train,217,True,2151,2151,0,0.06199999898672104,0.8830000162124634,0.39197906851768494
train,218,True,2151,2151,0,0.06400000303983688,0.8759999871253967,0.3851766586303711
train,219,True,2151,2151,0,0.1770000010728836,0.9390000104904175,0.5440976023674011
train,220,True,2151,2151,0,0.06800000369548798,0.925000011920929,0.45728403329849243
train,221,True,2151,2151,0,0.09399999678134918,0.8920000195503235,0.4338117241859436
train,222,True,2151,2151,0,0.13099999725818634,0.9399999976158142,0.48611342906951904
train,223,True,2151,2151,0,0.08100000023841858,0.9390000104904175,0.45464715361595154
train,224,True,2151,2151,0,0.08100000023841858,0.9010000228881836,0.4402998387813568
train,225,True,2151,2151,0,0.08399999886751175,0.9240000247955322,0.4599102735519409
train,226,True,2151,2151,0,0.11400000005960464,0.8849999904632568,0.4745146632194519
train,227,True,2151,2151,0,0.05999999865889549,0.8870000243186951,0.4252566397190094
train,228,True,2151,2151,0,0.14800000190734863,0.8709999918937683,0.4956755042076111
train,229,True,2151,2151,0,0.09700000286102295,0.9160000085830688,0.49301207065582275
train,230,True,2151,2151,0,0.07500000298023224,0.8920000195503235,0.45239099860191345
train,231,True,2151,2151,0,0.125,0.8619999885559082,0.48576244711875916
train,232,True,2151,2151,0,0.07500000298023224,0.9120000004768372,0.44942864775657654
train,233,True,2151,2151,0,0.057999998331069946,0.8550000190734863,0.43548351526260376
train,234,True,2151,2151,0,0.07000000029802322,0.9739999771118164,0.5340078473091125
train,235,True,2151,2151,0,0.08900000154972076,0.953000009059906,0.5184923410415649
train,236,True,2151,2151,0,0.05999999865889549,0.8519999980926514,0.429099977016449
train,237,True,2151,2151,0,0.05400000140070915,0.8790000081062317,0.44937795400619507
train,238,True,2151,2151,0,0.05700000002980232,0.8679999709129333,0.43743187189102173
train,239,True,2151,2151,0,0.05299999937415123,0.875,0.44437843561172485
train,240,True,2151,2151,0,0.052000001072883606,0.8989999890327454,0.4795765280723572
train,241,True,2151,2151,0,0.05000000074505806,0.9190000295639038,0.4587382674217224
train,242,True,2151,2151,0,0.061000000685453415,0.8510000109672546,0.4390994906425476
train,243,True,2151,2151,0,0.05299999937415123,0.9440000057220459,0.5049014091491699
train,244,True,2151,2151,0,0.057999998331069946,0.8849999904632568,0.45521432161331177
train,245,True,2151,2151,0,0.05000000074505806,0.8809999823570251,0.4602157175540924
train,246,True,2151,2151,0,0.050999999046325684,0.8610000014305115,0.46530216932296753
train,247,True,2151,2151,0,0.0689999982714653,0.8970000147819519,0.46126872301101685
train,248,True,2151,2151,0,0.04600000008940697,0.8889999985694885,0.449571818113327
train,249,True,2151,2151,0,0.05999999865889549,0.8960000276565552,0.46050766110420227
train,250,True,2151,2151,0,0.12800000607967377,0.828000009059906,0.48021480441093445
train,251,True,2151,2151,0,0.06300000101327896,0.8500000238418579,0.44703254103660583
train,252,True,2151,2151,0,0.06700000166893005,0.8989999890327454,0.48921480774879456
train,253,True,2151,2151,0,0.07599999755620956,0.8709999918937683,0.47618362307548523
train,254,True,2151,2151,0,0.11900000274181366,0.9120000004768372,0.535860538482666
train,255,True,2151,2151,0,0.16899999976158142,0.8360000252723694,0.5009154081344604
train,256,True,2151,2151,0,0.04600000008940697,0.8999999761581421,0.48044025897979736
train,257,True,2151,2151,0,0.039000000804662704,0.9079999923706055,0.48533374071121216
train,258,True,2151,2151,0,0.07999999821186066,0.9089999794960022,0.49539515376091003
train,259,True,2151,2151,0,0.03400000184774399,0.9039999842643738,0.4786001741886139
train,260,True,2151,2151,0,0.039000000804662704,0.9190000295639038,0.5095406770706177
train,261,True,2151,2151,0,0.04500000178813934,0.8489999771118164,0.4277322292327881
train,262,True,2151,2151,0,0.03200000151991844,0.9330000281333923,0.5080636739730835
train,263,True,2151,2151,0,0.03500000014901161,0.8840000033378601,0.4853495657444
train,264,True,2151,2151,0,0.10599999874830246,0.8730000257492065,0.4917857050895691
train,265,True,2151,2151,0,0.06400000303983688,0.9359999895095825,0.45739516615867615
train,266,True,2151,2151,0,0.03500000014901161,0.8889999985694885,0.4583514630794525
train,267,True,2151,2151,0,0.057999998331069946,0.9440000057220459,0.5539079904556274
train,268,True,2151,2151,0,0.039000000804662704,0.9150000214576721,0.4829827845096588
train,269,True,2151,2151,0,0.03500000014901161,0.8980000019073486,0.4704969525337219
train,270,True,2151,2151,0,0.06499999761581421,0.9549999833106995,0.5247336030006409
train,271,True,2151,2151,0,0.03999999910593033,0.9240000247955322,0.5181013941764832
train,272,True,2151,2151,0,0.04600000008940697,0.9079999923706055,0.5025983452796936
train,273,True,2151,2151,0,0.0430000014603138,0.9599999785423279,0.5776689648628235
train,274,True,2151,2151,0,0.05000000074505806,0.9440000057220459,0.5305500030517578
train,275,True,2151,2151,0,0.03400000184774399,0.9390000104904175,0.5135393142700195
train,276,True,2151,2151,0,0.039000000804662704,0.8870000243186951,0.4978521764278412
train,277,True,2151,2151,0,0.052000001072883606,0.9129999876022339,0.5163974761962891
train,278,True,2151,2151,0,0.09200000017881393,0.8859999775886536,0.49473780393600464
train,279,True,2151,2151,0,0.04699999839067459,0.9179999828338623,0.48929426074028015
train,280,True,2151,2151,0,0.03700000047683716,0.9169999957084656,0.4780018627643585
train,281,True,2151,2151,0,0.03400000184774399,0.8899999856948853,0.428732693195343
train,282,True,2151,2151,0,0.05700000002980232,0.9190000295639038,0.46939796209335327
train,283,True,2151,2151,0,0.0860000029206276,0.8820000290870667,0.4917401373386383
train,284,True,2151,2151,0,0.24799999594688416,0.847000002861023,0.541587233543396
train,285,True,2151,2151,0,0.041999999433755875,0.9049999713897705,0.44865551590919495
train,286,True,2151,2151,0,0.050999999046325684,0.9240000247955322,0.47362715005874634
train,287,True,2151,2151,0,0.07400000095367432,0.9369999766349792,0.496110200881958
train,288,True,2151,2151,0,0.10400000214576721,0.8820000290870667,0.49061834812164307
train,289,True,2151,2151,0,0.03700000047683716,0.9129999876022339,0.44685637950897217
train,290,True,2151,2151,0,0.04699999839067459,0.9049999713897705,0.42579221725463867
train,291,True,2151,2151,0,0.03700000047683716,0.8930000066757202,0.4774700105190277
train,292,True,2151,2151,0,0.04500000178813934,0.9070000052452087,0.47255975008010864
train,293,True,2151,2151,0,0.15299999713897705,0.8949999809265137,0.5039438009262085
train,294,True,2151,2151,0,0.035999998450279236,0.8949999809265137,0.43383869528770447
train,295,True,2151,2151,0,0.10700000077486038,0.8840000033378601,0.4434328079223633
train,296,True,2151,2151,0,0.07900000363588333,0.8930000066757202,0.423973023891449
train,297,True,2151,2151,0,0.07000000029802322,0.9070000052452087,0.504721999168396
train,298,True,2151,2151,0,0.10300000011920929,0.9290000200271606,0.5276927351951599
train,299,True,2151,2151,0,0.09399999678134918,0.9100000262260437,0.47715526819229126
train,300,True,2151,2151,0,0.20000000298023224,0.9459999799728394,0.5780794620513916
train,301,True,2151,2151,0,0.07599999755620956,0.9279999732971191,0.49076566100120544
train,302,True,2151,2151,0,0.09300000220537186,0.906000018119812,0.4909888207912445
train,303,True,2151,2151,0,0.09399999678134918,0.9440000057220459,0.5178768038749695
train,304,True,2151,2151,0,0.13899999856948853,0.9359999895095825,0.565371036529541
train,305,True,2151,2151,0,0.08799999952316284,0.9129999876022339,0.505622923374176
train,306,True,2151,2151,0,0.15600000321865082,0.9020000100135803,0.5586959719657898
train,307,True,2151,2151,0,0.0860000029206276,0.9020000100135803,0.5430920720100403
train,308,True,2151,2151,0,0.07000000029802322,0.8889999985694885,0.5024500489234924
train,309,True,2151,2151,0,0.15199999511241913,0.8960000276565552,0.5709432363510132
train,310,True,2151,2151,0,0.09000000357627869,0.8960000276565552,0.5147438645362854
train,311,True,2151,2151,0,0.06800000369548798,0.8830000162124634,0.500881016254425
train,312,True,2151,2151,0,0.1340000033378601,0.8949999809265137,0.5797964334487915
train,313,True,2151,2151,0,0.07400000095367432,0.9829999804496765,0.6122556924819946
train,314,True,2151,2151,0,0.07000000029802322,0.878000020980835,0.5412612557411194
train,315,True,2151,2151,0,0.10400000214576721,0.8960000276565552,0.5653398036956787
train,316,True,2151,2151,0,0.0729999989271164,0.9279999732971191,0.5756336450576782
train,317,True,2151,2151,0,0.16099999845027924,0.871999979019165,0.5717689394950867
train,318,True,2151,2151,0,0.23100000619888306,0.9509999752044678,0.6279600262641907
train,319,True,2151,2151,0,0.08399999886751175,0.9390000104904175,0.5834597945213318
train,320,True,2151,2151,0,0.10499999672174454,0.8799999952316284,0.5338624119758606
train,321,True,2151,2151,0,0.11100000143051147,0.9269999861717224,0.5826113820075989
train,322,True,2151,2151,0,0.07000000029802322,0.9290000200271606,0.5588768124580383
train,323,True,2151,2151,0,0.06199999898672104,0.902999997138977,0.557012140750885
train,324,True,2151,2151,0,0.07599999755620956,0.925000011920929,0.5785262584686279
train,325,True,2151,2151,0,0.05900000035762787,0.921999990940094,0.5560813546180725
train,326,True,2151,2151,0,0.20000000298023224,0.9369999766349792,0.6237991452217102
train,327,True,2151,2151,0,0.10000000149011612,0.8610000014305115,0.5372812151908875
train,328,True,2151,2151,0,0.07999999821186066,0.8339999914169312,0.5211886763572693
train,329,True,2151,2151,0,0.05700000002980232,0.8870000243186951,0.5464179515838623
train,330,True,2151,2151,0,0.06199999898672104,0.9309999942779541,0.5612101554870605
train,331,True,2151,2151,0,0.08100000023841858,0.8610000014305115,0.519223690032959
train,332,True,2151,2151,0,0.061000000685453415,0.9259999990463257,0.5456675887107849
train,333,True,2151,2151,0,0.1120000034570694,0.8740000128746033,0.5382789373397827
train,334,True,2151,2151,0,0.19200000166893005,0.8949999809265137,0.5973923802375793
train,335,True,2151,2151,0,0.07999999821186066,0.9079999923706055,0.5568158626556396
train,336,True,2151,2151,0,0.06400000303983688,0.9190000295639038,0.5637991428375244
train,337,True,2151,2151,0,0.052000001072883606,0.9190000295639038,0.5517280697822571
train,338,True,2151,2151,0,0.14300000667572021,0.8569999933242798,0.5372199416160583
train,339,True,2151,2151,0,0.1550000011920929,0.9179999828338623,0.6010023951530457
train,340,True,2151,2151,0,0.11299999803304672,0.8980000019073486,0.568670392036438
train,341,True,2151,2151,0,0.0689999982714653,0.8769999742507935,0.5364379286766052
train,342,True,2151,2151,0,0.24899999797344208,0.890999972820282,0.6229525804519653
train,343,True,2151,2151,0,0.04600000008940697,0.9120000004768372,0.5392942428588867
train,344,True,2151,2151,0,0.06300000101327896,0.890999972820282,0.5323324203491211
train,345,True,2151,2151,0,0.05700000002980232,0.8930000066757202,0.5519729852676392
train,346,True,2151,2151,0,0.0820000022649765,0.8899999856948853,0.5475001931190491
train,347,True,2151,2151,0,0.10000000149011612,0.8809999823570251,0.5480548739433289
train,348,True,2151,2151,0,0.0560000017285347,0.9150000214576721,0.5574876666069031
train,349,True,2151,2151,0,0.09399999678134918,0.9089999794960022,0.5611891746520996
train,350,True,2151,2151,0,0.04500000178813934,0.8920000195503235,0.5280004739761353
train,351,True,2151,2151,0,0.05999999865889549,0.9269999861717224,0.5767466425895691
train,352,True,2151,2151,0,0.0860000029206276,0.8989999890327454,0.5530799627304077
train,353,True,2151,2151,0,0.04399999976158142,0.8930000066757202,0.5392822623252869
train,354,True,2151,2151,0,0.05299999937415123,0.8960000276565552,0.5439149141311646
train,355,True,2151,2151,0,0.0560000017285347,0.9110000133514404,0.5463249683380127
train,356,True,2151,2151,0,0.05400000140070915,0.8949999809265137,0.5410627126693726
train,357,True,2151,2151,0,0.04899999871850014,0.906000018119812,0.5417852997779846
train,358,True,2151,2151,0,0.04500000178813934,0.8809999823570251,0.5260818600654602
train,359,True,2151,2151,0,0.08399999886751175,0.9340000152587891,0.5681808590888977
train,360,True,2151,2151,0,0.061000000685453415,0.9380000233650208,0.5423412322998047
train,361,True,2151,2151,0,0.06499999761581421,0.9359999895095825,0.5562677979469299
train,362,True,2151,2151,0,0.11400000005960464,0.9430000185966492,0.5874505043029785
train,363,True,2151,2151,0,0.05900000035762787,0.9139999747276306,0.5324333310127258
train,364,True,2151,2151,0,0.07699999958276749,0.9610000252723694,0.5888400673866272
train,365,True,2151,2151,0,0.07999999821186066,0.9330000281333923,0.580601155757904
train,366,True,2151,2151,0,0.05700000002980232,0.9480000138282776,0.5511882901191711
train,367,True,2151,2151,0,0.05999999865889549,0.9559999704360962,0.5792933702468872
train,368,True,2151,2151,0,0.07400000095367432,0.9330000281333923,0.5640149116516113
train,369,True,2151,2151,0,0.061000000685453415,0.9549999833106995,0.5874402523040771
train,370,True,2151,2151,0,0.0949999988079071,0.8240000009536743,0.5055885910987854
train,371,True,2151,2151,0,0.07599999755620956,0.8999999761581421,0.5201743245124817
train,372,True,2151,2151,0,0.09300000220537186,0.9399999976158142,0.5695518255233765
train,373,True,2151,2151,0,0.15600000321865082,0.8820000290870667,0.5763933062553406
train,374,True,2151,2151,0,0.12700000405311584,0.9049999713897705,0.5839627981185913
train,375,True,2151,2151,0,0.1809999942779541,0.9649999737739563,0.6482636332511902
train,376,True,2151,2151,0,0.12300000339746475,0.9259999990463257,0.6009176969528198
train,377,True,2151,2151,0,0.12300000339746475,0.8840000033378601,0.5770850777626038
train,378,True,2151,2151,0,0.10599999874830246,0.9480000138282776,0.5998660922050476
train,379,True,2151,2151,0,0.08699999749660492,0.9390000104904175,0.5856950879096985
train,380,True,2151,2151,0,0.06300000101327896,0.9150000214576721,0.557414710521698
train,381,True,2151,2151,0,0.05999999865889549,0.9290000200271606,0.5733031034469604
train,382,True,2151,2151,0,0.05999999865889549,0.9359999895095825,0.5611315965652466
train,383,True,2151,2151,0,0.1550000011920929,0.9369999766349792,0.617715060710907
train,384,True,2151,2151,0,0.16300000250339508,0.9380000233650208,0.610974907875061
train,385,True,2151,2151,0,0.1459999978542328,0.906000018119812,0.5887117385864258
train,386,True,2151,2151,0,0.07900000363588333,0.8960000276565552,0.5402231812477112
train,387,True,2151,2151,0,0.1459999978542328,0.8960000276565552,0.5752105712890625
train,388,True,2151,2151,0,0.14100000262260437,0.9020000100135803,0.5856159925460815
train,389,True,2151,2151,0,0.12300000339746475,0.8999999761581421,0.5810422897338867
val,0,True,2151,2151,0,0.041999999433755875,0.878000020980835,0.3701724708080292
val,1,True,2151,2151,0,0.03999999910593033,0.8930000066757202,0.398296594619751
val,2,True,2151,2151,0,0.05299999937415123,0.9120000004768372,0.40604740381240845
val,3,True,2151,2151,0,0.05000000074505806,0.8679999709129333,0.3887684643268585
val,4,True,2151,2151,0,0.03500000014901161,0.8840000033378601,0.3853049576282501
val,5,True,2151,2151,0,0.06800000369548798,0.8610000014305115,0.4124058783054352
val,6,True,2151,2151,0,0.03200000151991844,0.9390000104904175,0.39731845259666443
val,7,True,2151,2151,0,0.05000000074505806,0.9480000138282776,0.4164416491985321
val,8,True,2151,2151,0,0.028999999165534973,0.8859999775886536,0.37282612919807434
val,9,True,2151,2151,0,0.02500000037252903,0.9279999732971191,0.3914509415626526
val,10,True,2151,2151,0,0.05000000074505806,0.9269999861717224,0.4239004850387573
val,11,True,2151,2151,0,0.014999999664723873,0.9599999785423279,0.3829098045825958
val,12,True,2151,2151,0,0.019999999552965164,0.902999997138977,0.36941516399383545
val,13,True,2151,2151,0,0.01899999938905239,0.9340000152587891,0.3899223804473877
val,14,True,2151,2151,0,0.013000000268220901,0.9399999976158142,0.38393211364746094
val,15,True,2151,2151,0,0.02500000037252903,0.921999990940094,0.3818228542804718
val,16,True,2151,2151,0,0.024000000208616257,0.968999981880188,0.4023617208003998
val,17,True,2151,2151,0,0.024000000208616257,0.9409999847412109,0.3757340610027313
val,18,True,2151,2151,0,0.061000000685453415,0.906000018119812,0.402523934841156
val,19,True,2151,2151,0,0.041999999433755875,0.925000011920929,0.3919265568256378
val,20,True,2151,2151,0,0.06199999898672104,0.9020000100135803,0.39895910024642944
val,21,True,2151,2151,0,0.10100000351667404,0.9319999814033508,0.4441682994365692
val,22,True,2151,2151,0,0.041999999433755875,0.8690000176429749,0.37558576464653015
val,23,True,2151,2151,0,0.06300000101327896,0.9129999876022339,0.4232026934623718
val,24,True,2151,2151,0,0.0430000014603138,0.8659999966621399,0.38693633675575256
val,25,True,2151,2151,0,0.03799999877810478,0.8360000252723694,0.3760669529438019
val,26,True,2151,2151,0,0.06800000369548798,0.8840000033378601,0.4075285792350769
val,27,True,2151,2151,0,0.06199999898672104,0.8569999933242798,0.4032571017742157
val,28,True,2151,2151,0,0.04500000178813934,0.9419999718666077,0.4395658075809479
val,29,True,2151,2151,0,0.0430000014603138,0.9610000252723694,0.45005160570144653
val,30,True,2151,2151,0,0.032999999821186066,0.906000018119812,0.38885173201560974
val,31,True,2151,2151,0,0.06300000101327896,0.925000011920929,0.4401320219039917
val,32,True,2151,2151,0,0.039000000804662704,0.953000009059906,0.44247838854789734
val,33,True,2151,2151,0,0.029999999329447746,0.9139999747276306,0.3811529576778412
val,34,True,2151,2151,0,0.03999999910593033,0.8690000176429749,0.3720042109489441
val,35,True,2151,2151,0,0.04899999871850014,0.9079999923706055,0.4046694338321686
val,36,True,2151,2151,0,0.06199999898672104,0.8930000066757202,0.4076043367385864
val,37,True,2151,2151,0,0.03400000184774399,0.8650000095367432,0.37445980310440063
val,38,True,2151,2151,0,0.026000000536441803,0.8899999856948853,0.4052431285381317
val,39,True,2151,2151,0,0.0430000014603138,0.9120000004768372,0.37561318278312683
val,40,True,2151,2151,0,0.11900000274181366,0.9110000133514404,0.4508805274963379
val,41,True,2151,2151,0,0.06400000303983688,0.9440000057220459,0.4121599495410919
val,42,True,2151,2151,0,0.12399999797344208,0.925000011920929,0.46335935592651367
val,43,True,2151,2151,0,0.10100000351667404,0.9380000233650208,0.4527498781681061
val,44,True,2151,2151,0,0.04699999839067459,0.8989999890327454,0.40409573912620544
val,45,True,2151,2151,0,0.05900000035762787,0.8970000147819519,0.4449125826358795
val,46,True,2151,2151,0,0.04800000041723251,0.925000011920929,0.4333086907863617
val,47,True,2151,2151,0,0.04800000041723251,0.8690000176429749,0.42716366052627563
val,48,True,2151,2151,0,0.10100000351667404,0.8960000276565552,0.46031472086906433
val,49,True,2151,2151,0,0.05000000074505806,0.8460000157356262,0.4213426113128662
val,50,True,2151,2151,0,0.035999998450279236,0.9100000262260437,0.46561089158058167
val,51,True,2151,2151,0,0.05999999865889549,0.9150000214576721,0.4795439541339874
val,52,True,2151,2151,0,0.039000000804662704,0.8659999966621399,0.4058540165424347
val,53,True,2151,2151,0,0.04600000008940697,0.9010000228881836,0.4643310010433197
val,54,True,2151,2151,0,0.06199999898672104,0.9120000004768372,0.4730543792247772
val,55,True,2151,2151,0,0.039000000804662704,0.921999990940094,0.4340818226337433
val,56,True,2151,2151,0,0.04100000113248825,0.8550000190734863,0.3845699429512024
val,57,True,2151,2151,0,0.0430000014603138,0.890999972820282,0.417186439037323
val,58,True,2151,2151,0,0.035999998450279236,0.9010000228881836,0.4027773141860962
val,59,True,2151,2151,0,0.06300000101327896,0.8859999775886536,0.41596975922584534
val,60,True,2151,2151,0,0.03200000151991844,0.9359999895095825,0.4374077320098877
val,61,True,2151,2151,0,0.03500000014901161,0.9210000038146973,0.3938145041465759
val,62,True,2151,2151,0,0.1289999932050705,0.9369999766349792,0.4733421802520752
val,63,True,2151,2151,0,0.0729999989271164,0.902999997138977,0.41825199127197266
val,64,True,2151,2151,0,0.1509999930858612,0.875,0.4940032362937927
val,65,True,2151,2151,0,0.06700000166893005,0.9089999794960022,0.45529940724372864
val,66,True,2151,2151,0,0.0560000017285347,0.9160000085830688,0.4524983763694763
val,67,True,2151,2151,0,0.04699999839067459,0.9010000228881836,0.46375590562820435
val,68,True,2151,2151,0,0.05000000074505806,0.9179999828338623,0.46075546741485596
val,69,True,2151,2151,0,0.09600000083446503,0.9570000171661377,0.5245444178581238
val,70,True,2151,2151,0,0.06499999761581421,0.9240000247955322,0.48912087082862854
val,71,True,2151,2151,0,0.04899999871850014,0.8629999756813049,0.46164244413375854
val,72,True,2151,2151,0,0.04399999976158142,0.9750000238418579,0.556929349899292
val,73,True,2151,2151,0,0.05000000074505806,0.9309999942779541,0.5306732058525085
val,74,True,2151,2151,0,0.03200000151991844,0.859000027179718,0.4388791620731354
val,75,True,2151,2151,0,0.041999999433755875,0.906000018119812,0.5009302496910095
val,76,True,2151,2151,0,0.0430000014603138,0.9089999794960022,0.5088112950325012
val,77,True,2151,2151,0,0.03799999877810478,0.8930000066757202,0.45770666003227234
val,78,True,2151,2151,0,0.03700000047683716,0.9129999876022339,0.44685637950897217
val,79,True,2151,2151,0,0.057999998331069946,0.9079999923706055,0.4801231920719147
val,80,True,2151,2151,0,0.10100000351667404,0.9549999833106995,0.4956634044647217
val,81,True,2151,2151,0,0.07100000232458115,0.8889999985694885,0.46188655495643616
val,82,True,2151,2151,0,0.03700000047683716,0.9300000071525574,0.48650723695755005
val,83,True,2151,2151,0,0.03799999877810478,0.9010000228881836,0.4246336817741394
val,84,True,2151,2151,0,0.08500000089406967,0.9240000247955322,0.4896489977836609
val,85,True,2151,2151,0,0.06700000166893005,0.9210000038146973,0.4522268772125244
val,86,True,2151,2151,0,0.15800000727176666,0.9120000004768372,0.5507852435112
val,87,True,2151,2151,0,0.2029999941587448,0.9229999780654907,0.6030660271644592
val,88,True,2151,2151,0,0.07999999821186066,0.9120000004768372,0.5568735003471375
val,89,True,2151,2151,0,0.11900000274181366,0.9210000038146973,0.589889407157898
val,90,True,2151,2151,0,0.08299999684095383,0.9890000224113464,0.611160397529602
val,91,True,2151,2151,0,0.06400000303983688,0.8989999890327454,0.5531032085418701
val,92,True,2151,2151,0,0.1459999978542328,0.8880000114440918,0.5680590271949768
val,93,True,2151,2151,0,0.12999999523162842,0.8659999966621399,0.5665541291236877
val,94,True,2151,2151,0,0.0430000014603138,0.859000027179718,0.5148261189460754
val,95,True,2151,2151,0,0.05700000002980232,0.9179999828338623,0.5646006464958191
val,96,True,2151,2151,0,0.06300000101327896,0.878000020980835,0.530549943447113
val,97,True,2151,2151,0,0.09799999743700027,0.9300000071525574,0.5774323344230652
val,98,True,2151,2151,0,0.0560000017285347,0.890999972820282,0.5343356132507324
val,99,True,2151,2151,0,0.06700000166893005,0.9649999737739563,0.5760422945022583
val,100,True,2151,2151,0,0.0860000029206276,0.9350000023841858,0.5583970546722412
val,101,True,2151,2151,0,0.0689999982714653,0.9480000138282776,0.5694509148597717
val,102,True,2151,2151,0,0.06800000369548798,0.9610000252723694,0.5901283025741577
val,103,True,2151,2151,0,0.06599999964237213,0.9020000100135803,0.5310171842575073
val,104,True,2151,2151,0,0.050999999046325684,0.8960000276565552,0.5462547540664673
val,105,True,2151,2151,0,0.06800000369548798,0.9509999752044678,0.5472667813301086
val,106,True,2151,2151,0,0.0949999988079071,0.9259999990463257,0.583449125289917
val,107,True,2151,2151,0,0.061000000685453415,0.9079999923706055,0.5641353130340576
val,108,True,2151,2151,0,0.09700000286102295,0.8999999761581421,0.5715551376342773
val,109,True,2151,2151,0,0.23199999332427979,0.9169999957084656,0.6325314044952393
test,0,True,2151,2151,0,0.035999998450279236,0.9190000295639038,0.3942430913448334
test,1,True,2151,2151,0,0.03700000047683716,0.9319999814033508,0.40097445249557495
test,2,True,2151,2151,0,0.03099999949336052,0.8960000276565552,0.3825090527534485
test,3,True,2151,2151,0,0.02800000086426735,0.8709999918937683,0.3703189492225647
test,4,True,2151,2151,0,0.03799999877810478,0.9150000214576721,0.40037375688552856
test,5,True,2151,2151,0,0.035999998450279236,0.9710000157356262,0.41093581914901733
test,6,True,2151,2151,0,0.05299999937415123,0.9330000281333923,0.4098275601863861
test,7,True,2151,2151,0,0.026000000536441803,0.9210000038146973,0.3720344305038452
test,8,True,2151,2151,0,0.052000001072883606,0.8659999966621399,0.3933802843093872
test,9,True,2151,2151,0,0.04600000008940697,0.9020000100135803,0.3968479633331299
test,10,True,2151,2151,0,0.07999999821186066,0.921999990940094,0.417207807302475
test,11,True,2151,2151,0,0.06400000303983688,0.8740000128746033,0.407707542181015
test,12,True,2151,2151,0,0.0689999982714653,0.8550000190734863,0.41639935970306396
test,13,True,2151,2151,0,0.0729999989271164,0.8809999823570251,0.42459413409233093
test,14,True,2151,2151,0,0.05299999937415123,0.9160000085830688,0.422035813331604
test,15,True,2151,2151,0,0.05900000035762787,0.9490000009536743,0.4754197895526886
test,16,True,2151,2151,0,0.03400000184774399,0.9340000152587891,0.42061275243759155
test,17,True,2151,2151,0,0.03799999877810478,0.8970000147819519,0.3817415237426758
test,18,True,2151,2151,0,0.03400000184774399,0.8629999756813049,0.36516645550727844
test,19,True,2151,2151,0,0.07699999958276749,0.9079999923706055,0.42713111639022827
test,20,True,2151,2151,0,0.054999999701976776,0.8949999809265137,0.41888749599456787
test,21,True,2151,2151,0,0.06199999898672104,0.9350000023841858,0.41100186109542847
test,22,True,2151,2151,0,0.0729999989271164,0.9290000200271606,0.4674607217311859
test,23,True,2151,2151,0,0.10599999874830246,0.8970000147819519,0.4784969985485077
test,24,True,2151,2151,0,0.0560000017285347,0.9259999990463257,0.44786614179611206
test,25,True,2151,2151,0,0.07800000160932541,0.8600000143051147,0.4423416554927826
test,26,True,2151,2151,0,0.041999999433755875,0.9160000085830688,0.4877699315547943
test,27,True,2151,2151,0,0.052000001072883606,0.9309999942779541,0.4719456136226654
test,28,True,2151,2151,0,0.11400000005960464,0.9070000052452087,0.4613514244556427
test,29,True,2151,2151,0,0.04500000178813934,0.8769999742507935,0.41344213485717773
test,30,True,2151,2151,0,0.06700000166893005,0.8820000290870667,0.4356178641319275
test,31,True,2151,2151,0,0.07400000095367432,0.8679999709129333,0.4585076570510864
test,32,True,2151,2151,0,0.11800000071525574,0.9309999942779541,0.4592743217945099
test,33,True,2151,2151,0,0.06199999898672104,0.9160000085830688,0.4723844528198242
test,34,True,2151,2151,0,0.05000000074505806,0.9340000152587891,0.495669424533844
test,35,True,2151,2151,0,0.07000000029802322,0.9620000123977661,0.5022063851356506
test,36,True,2151,2151,0,0.052000001072883606,0.9210000038146973,0.5022538304328918
test,37,True,2151,2151,0,0.039000000804662704,0.906000018119812,0.5313481688499451
test,38,True,2151,2151,0,0.028999999165534973,0.9100000262260437,0.4871831238269806
test,39,True,2151,2151,0,0.057999998331069946,0.878000020980835,0.45831748843193054
test,40,True,2151,2151,0,0.04399999976158142,0.8539999723434448,0.44768664240837097
test,41,True,2151,2151,0,0.07400000095367432,0.8769999742507935,0.47457370162010193
test,42,True,2151,2151,0,0.10100000351667404,0.8849999904632568,0.5381761789321899
test,43,True,2151,2151,0,0.10000000149011612,0.9150000214576721,0.48382702469825745
test,44,True,2151,2151,0,0.0820000022649765,0.949999988079071,0.5932673215866089
test,45,True,2151,2151,0,0.06199999898672104,0.9290000200271606,0.5686253309249878
test,46,True,2151,2151,0,0.07400000095367432,0.9470000267028809,0.5874481797218323
test,47,True,2151,2151,0,0.13699999451637268,0.8859999775886536,0.5601617693901062
test,48,True,2151,2151,0,0.06800000369548798,0.9100000262260437,0.5706638693809509
test,49,True,2151,2151,0,0.05900000035762787,0.953000009059906,0.5825378894805908
test,50,True,2151,2151,0,0.06300000101327896,0.9440000057220459,0.5654885768890381
test,51,True,2151,2151,0,0.10100000351667404,0.9150000214576721,0.5529043078422546
test,52,True,2151,2151,0,0.13199999928474426,0.871999979019165,0.6009902358055115
test,53,True,2151,2151,0,0.07900000363588333,0.9169999957084656,0.5719702243804932
test,54,True,2151,2151,0,0.10400000214576721,0.906000018119812,0.5633230805397034
